"File","Line","Column","Severity","Message","Rule"
"C:\Users\Windows\Desktop\ASE\SIIS\public\draco\draco_decoder.js","4","69","error","'__filename' is not defined","no-undef"
"C:\Users\Windows\Desktop\ASE\SIIS\public\draco\draco_decoder.js","8","1267","error","'process' is not defined","no-undef"
"C:\Users\Windows\Desktop\ASE\SIIS\public\draco\draco_decoder.js","8","1302","error","'process' is not defined","no-undef"
"C:\Users\Windows\Desktop\ASE\SIIS\public\draco\draco_decoder.js","8","1680","error","'require' is not defined","no-undef"
"C:\Users\Windows\Desktop\ASE\SIIS\public\draco\draco_decoder.js","8","1707","error","'require' is not defined","no-undef"
"C:\Users\Windows\Desktop\ASE\SIIS\public\draco\draco_decoder.js","8","1824","error","'__dirname' is not defined","no-undef"
"C:\Users\Windows\Desktop\ASE\SIIS\public\draco\draco_decoder.js","8","2439","error","'process' is not defined","no-undef"
"C:\Users\Windows\Desktop\ASE\SIIS\public\draco\draco_decoder.js","8","2477","error","'process' is not defined","no-undef"
"C:\Users\Windows\Desktop\ASE\SIIS\public\draco\draco_decoder.js","8","2526","error","'process' is not defined","no-undef"
"C:\Users\Windows\Desktop\ASE\SIIS\public\draco\draco_decoder.js","8","2599","error","'process' is not defined","no-undef"
"C:\Users\Windows\Desktop\ASE\SIIS\public\draco\draco_decoder.js","8","2668","error","'process' is not defined","no-undef"
"C:\Users\Windows\Desktop\ASE\SIIS\public\draco\draco_decoder.js","8","3965","error","'setWindowTitle' is assigned a value but never used. Allowed unused vars must match /^[A-Z_]/u","no-unused-vars"
"C:\Users\Windows\Desktop\ASE\SIIS\public\draco\draco_decoder.js","8","4012","error","Empty block statement","no-empty"
"C:\Users\Windows\Desktop\ASE\SIIS\public\draco\draco_decoder.js","8","4202","error","'arguments_' is assigned a value but never used. Allowed unused vars must match /^[A-Z_]/u","no-unused-vars"
"C:\Users\Windows\Desktop\ASE\SIIS\public\draco\draco_decoder.js","8","4258","error","'thisProgram' is assigned a value but never used. Allowed unused vars must match /^[A-Z_]/u","no-unused-vars"
"C:\Users\Windows\Desktop\ASE\SIIS\public\draco\draco_decoder.js","8","4310","error","'quit_' is assigned a value but never used. Allowed unused vars must match /^[A-Z_]/u","no-unused-vars"
"C:\Users\Windows\Desktop\ASE\SIIS\public\draco\draco_decoder.js","8","4557","error","'binary' is defined but never used","no-unused-vars"
"C:\Users\Windows\Desktop\ASE\SIIS\public\draco\draco_decoder.js","10","480","error","'q' is defined but never used","no-unused-vars"
"C:\Users\Windows\Desktop\ASE\SIIS\public\draco\draco_decoder.js","10","20034","error","'u' is assigned a value but never used. Allowed unused vars must match /^[A-Z_]/u","no-unused-vars"
"C:\Users\Windows\Desktop\ASE\SIIS\public\draco\draco_decoder.js","12","1508","error","Unexpected constant condition","no-constant-condition"
"C:\Users\Windows\Desktop\ASE\SIIS\public\draco\draco_decoder.js","12","3292","error","Unexpected constant condition","no-constant-condition"
"C:\Users\Windows\Desktop\ASE\SIIS\public\draco\draco_decoder.js","12","3767","error","Unexpected constant condition","no-constant-condition"
"C:\Users\Windows\Desktop\ASE\SIIS\public\draco\draco_decoder.js","12","4191","error","Unexpected constant condition","no-constant-condition"
"C:\Users\Windows\Desktop\ASE\SIIS\public\draco\draco_decoder.js","12","5075","error","Unexpected constant condition","no-constant-condition"
"C:\Users\Windows\Desktop\ASE\SIIS\public\draco\draco_decoder.js","12","6121","error","Unexpected constant condition","no-constant-condition"
"C:\Users\Windows\Desktop\ASE\SIIS\public\draco\draco_decoder.js","12","6199","error","Unexpected constant condition","no-constant-condition"
"C:\Users\Windows\Desktop\ASE\SIIS\public\draco\draco_decoder.js","12","6905","error","Unexpected constant condition","no-constant-condition"
"C:\Users\Windows\Desktop\ASE\SIIS\public\draco\draco_decoder.js","12","7043","error","Expected a 'break' statement before 'case'","no-fallthrough"
"C:\Users\Windows\Desktop\ASE\SIIS\public\draco\draco_decoder.js","12","7120","error","Unexpected constant condition","no-constant-condition"
"C:\Users\Windows\Desktop\ASE\SIIS\public\draco\draco_decoder.js","12","8888","error","Unexpected constant condition","no-constant-condition"
"C:\Users\Windows\Desktop\ASE\SIIS\public\draco\draco_decoder.js","12","9367","error","Unexpected constant condition","no-constant-condition"
"C:\Users\Windows\Desktop\ASE\SIIS\public\draco\draco_decoder.js","12","9791","error","Unexpected constant condition","no-constant-condition"
"C:\Users\Windows\Desktop\ASE\SIIS\public\draco\draco_decoder.js","12","10631","error","Unexpected constant condition","no-constant-condition"
"C:\Users\Windows\Desktop\ASE\SIIS\public\draco\draco_decoder.js","12","11694","error","Unexpected constant condition","no-constant-condition"
"C:\Users\Windows\Desktop\ASE\SIIS\public\draco\draco_decoder.js","12","11772","error","Unexpected constant condition","no-constant-condition"
"C:\Users\Windows\Desktop\ASE\SIIS\public\draco\draco_decoder.js","12","12478","error","Unexpected constant condition","no-constant-condition"
"C:\Users\Windows\Desktop\ASE\SIIS\public\draco\draco_decoder.js","12","12616","error","Expected a 'break' statement before 'case'","no-fallthrough"
"C:\Users\Windows\Desktop\ASE\SIIS\public\draco\draco_decoder.js","12","12693","error","Unexpected constant condition","no-constant-condition"
"C:\Users\Windows\Desktop\ASE\SIIS\public\draco\draco_decoder.js","12","14474","error","Unexpected constant condition","no-constant-condition"
"C:\Users\Windows\Desktop\ASE\SIIS\public\draco\draco_decoder.js","12","14946","error","Unexpected constant condition","no-constant-condition"
"C:\Users\Windows\Desktop\ASE\SIIS\public\draco\draco_decoder.js","12","15370","error","Unexpected constant condition","no-constant-condition"
"C:\Users\Windows\Desktop\ASE\SIIS\public\draco\draco_decoder.js","12","16218","error","Unexpected constant condition","no-constant-condition"
"C:\Users\Windows\Desktop\ASE\SIIS\public\draco\draco_decoder.js","12","16983","error","Unexpected constant condition","no-constant-condition"
"C:\Users\Windows\Desktop\ASE\SIIS\public\draco\draco_decoder.js","12","17061","error","Unexpected constant condition","no-constant-condition"
"C:\Users\Windows\Desktop\ASE\SIIS\public\draco\draco_decoder.js","12","17767","error","Unexpected constant condition","no-constant-condition"
"C:\Users\Windows\Desktop\ASE\SIIS\public\draco\draco_decoder.js","12","17906","error","Expected a 'break' statement before 'case'","no-fallthrough"
"C:\Users\Windows\Desktop\ASE\SIIS\public\draco\draco_decoder.js","12","17986","error","Unexpected constant condition","no-constant-condition"
"C:\Users\Windows\Desktop\ASE\SIIS\public\draco\draco_decoder.js","12","19776","error","Unexpected constant condition","no-constant-condition"
"C:\Users\Windows\Desktop\ASE\SIIS\public\draco\draco_decoder.js","12","20256","error","Unexpected constant condition","no-constant-condition"
"C:\Users\Windows\Desktop\ASE\SIIS\public\draco\draco_decoder.js","12","20682","error","Unexpected constant condition","no-constant-condition"
"C:\Users\Windows\Desktop\ASE\SIIS\public\draco\draco_decoder.js","12","21512","error","Unexpected constant condition","no-constant-condition"
"C:\Users\Windows\Desktop\ASE\SIIS\public\draco\draco_decoder.js","12","22291","error","Unexpected constant condition","no-constant-condition"
"C:\Users\Windows\Desktop\ASE\SIIS\public\draco\draco_decoder.js","12","22369","error","Unexpected constant condition","no-constant-condition"
"C:\Users\Windows\Desktop\ASE\SIIS\public\draco\draco_decoder.js","12","23081","error","Unexpected constant condition","no-constant-condition"
"C:\Users\Windows\Desktop\ASE\SIIS\public\draco\draco_decoder.js","12","23220","error","Expected a 'break' statement before 'case'","no-fallthrough"
"C:\Users\Windows\Desktop\ASE\SIIS\public\draco\draco_decoder.js","12","23300","error","Unexpected constant condition","no-constant-condition"
"C:\Users\Windows\Desktop\ASE\SIIS\public\draco\draco_decoder.js","12","25099","error","Unexpected constant condition","no-constant-condition"
"C:\Users\Windows\Desktop\ASE\SIIS\public\draco\draco_decoder.js","12","25579","error","Unexpected constant condition","no-constant-condition"
"C:\Users\Windows\Desktop\ASE\SIIS\public\draco\draco_decoder.js","12","26005","error","Unexpected constant condition","no-constant-condition"
"C:\Users\Windows\Desktop\ASE\SIIS\public\draco\draco_decoder.js","12","26570","error","Unexpected constant condition","no-constant-condition"
"C:\Users\Windows\Desktop\ASE\SIIS\public\draco\draco_decoder.js","12","26686","error","Unexpected constant condition","no-constant-condition"
"C:\Users\Windows\Desktop\ASE\SIIS\public\draco\draco_decoder.js","12","27750","error","Unexpected constant condition","no-constant-condition"
"C:\Users\Windows\Desktop\ASE\SIIS\public\draco\draco_decoder.js","12","27830","error","Unexpected constant condition","no-constant-condition"
"C:\Users\Windows\Desktop\ASE\SIIS\public\draco\draco_decoder.js","12","28551","error","Unexpected constant condition","no-constant-condition"
"C:\Users\Windows\Desktop\ASE\SIIS\public\draco\draco_decoder.js","12","28690","error","Expected a 'break' statement before 'case'","no-fallthrough"
"C:\Users\Windows\Desktop\ASE\SIIS\public\draco\draco_decoder.js","12","28770","error","Unexpected constant condition","no-constant-condition"
"C:\Users\Windows\Desktop\ASE\SIIS\public\draco\draco_decoder.js","12","30569","error","Unexpected constant condition","no-constant-condition"
"C:\Users\Windows\Desktop\ASE\SIIS\public\draco\draco_decoder.js","12","31053","error","Unexpected constant condition","no-constant-condition"
"C:\Users\Windows\Desktop\ASE\SIIS\public\draco\draco_decoder.js","12","31479","error","Unexpected constant condition","no-constant-condition"
"C:\Users\Windows\Desktop\ASE\SIIS\public\draco\draco_decoder.js","12","32000","error","Unexpected constant condition","no-constant-condition"
"C:\Users\Windows\Desktop\ASE\SIIS\public\draco\draco_decoder.js","12","32116","error","Unexpected constant condition","no-constant-condition"
"C:\Users\Windows\Desktop\ASE\SIIS\public\draco\draco_decoder.js","12","33190","error","Unexpected constant condition","no-constant-condition"
"C:\Users\Windows\Desktop\ASE\SIIS\public\draco\draco_decoder.js","12","33270","error","Unexpected constant condition","no-constant-condition"
"C:\Users\Windows\Desktop\ASE\SIIS\public\draco\draco_decoder.js","12","33991","error","Unexpected constant condition","no-constant-condition"
"C:\Users\Windows\Desktop\ASE\SIIS\public\draco\draco_decoder.js","12","34130","error","Expected a 'break' statement before 'case'","no-fallthrough"
"C:\Users\Windows\Desktop\ASE\SIIS\public\draco\draco_decoder.js","12","34210","error","Unexpected constant condition","no-constant-condition"
"C:\Users\Windows\Desktop\ASE\SIIS\public\draco\draco_decoder.js","12","36034","error","Unexpected constant condition","no-constant-condition"
"C:\Users\Windows\Desktop\ASE\SIIS\public\draco\draco_decoder.js","12","36485","error","Unexpected constant condition","no-constant-condition"
"C:\Users\Windows\Desktop\ASE\SIIS\public\draco\draco_decoder.js","12","36911","error","Unexpected constant condition","no-constant-condition"
"C:\Users\Windows\Desktop\ASE\SIIS\public\draco\draco_decoder.js","12","37476","error","Unexpected constant condition","no-constant-condition"
"C:\Users\Windows\Desktop\ASE\SIIS\public\draco\draco_decoder.js","12","37592","error","Unexpected constant condition","no-constant-condition"
"C:\Users\Windows\Desktop\ASE\SIIS\public\draco\draco_decoder.js","12","38656","error","Unexpected constant condition","no-constant-condition"
"C:\Users\Windows\Desktop\ASE\SIIS\public\draco\draco_decoder.js","12","38736","error","Unexpected constant condition","no-constant-condition"
"C:\Users\Windows\Desktop\ASE\SIIS\public\draco\draco_decoder.js","12","39457","error","Unexpected constant condition","no-constant-condition"
"C:\Users\Windows\Desktop\ASE\SIIS\public\draco\draco_decoder.js","12","39596","error","Expected a 'break' statement before 'case'","no-fallthrough"
"C:\Users\Windows\Desktop\ASE\SIIS\public\draco\draco_decoder.js","12","39676","error","Unexpected constant condition","no-constant-condition"
"C:\Users\Windows\Desktop\ASE\SIIS\public\draco\draco_decoder.js","12","40620","error","Unexpected constant condition","no-constant-condition"
"C:\Users\Windows\Desktop\ASE\SIIS\public\draco\draco_decoder.js","12","40656","error","Unexpected constant condition","no-constant-condition"
"C:\Users\Windows\Desktop\ASE\SIIS\public\draco\draco_decoder.js","12","41005","error","Unexpected constant condition","no-constant-condition"
"C:\Users\Windows\Desktop\ASE\SIIS\public\draco\draco_decoder.js","12","41043","error","Unexpected constant condition","no-constant-condition"
"C:\Users\Windows\Desktop\ASE\SIIS\public\draco\draco_decoder.js","12","42935","error","Unexpected constant condition","no-constant-condition"
"C:\Users\Windows\Desktop\ASE\SIIS\public\draco\draco_decoder.js","12","43234","error","Unexpected constant condition","no-constant-condition"
"C:\Users\Windows\Desktop\ASE\SIIS\public\draco\draco_decoder.js","12","43764","error","Unexpected constant condition","no-constant-condition"
"C:\Users\Windows\Desktop\ASE\SIIS\public\draco\draco_decoder.js","12","43920","error","Unexpected constant condition","no-constant-condition"
"C:\Users\Windows\Desktop\ASE\SIIS\public\draco\draco_decoder.js","12","44018","error","Unexpected constant condition","no-constant-condition"
"C:\Users\Windows\Desktop\ASE\SIIS\public\draco\draco_decoder.js","12","45443","error","Unexpected constant condition","no-constant-condition"
"C:\Users\Windows\Desktop\ASE\SIIS\public\draco\draco_decoder.js","12","45479","error","Unexpected constant condition","no-constant-condition"
"C:\Users\Windows\Desktop\ASE\SIIS\public\draco\draco_decoder.js","12","46799","error","Unexpected constant condition","no-constant-condition"
"C:\Users\Windows\Desktop\ASE\SIIS\public\draco\draco_decoder.js","12","47098","error","Unexpected constant condition","no-constant-condition"
"C:\Users\Windows\Desktop\ASE\SIIS\public\draco\draco_decoder.js","12","47632","error","Unexpected constant condition","no-constant-condition"
"C:\Users\Windows\Desktop\ASE\SIIS\public\draco\draco_decoder.js","12","47789","error","Unexpected constant condition","no-constant-condition"
"C:\Users\Windows\Desktop\ASE\SIIS\public\draco\draco_decoder.js","12","47887","error","Unexpected constant condition","no-constant-condition"
"C:\Users\Windows\Desktop\ASE\SIIS\public\draco\draco_decoder.js","12","49315","error","Unexpected constant condition","no-constant-condition"
"C:\Users\Windows\Desktop\ASE\SIIS\public\draco\draco_decoder.js","12","49352","error","Unexpected constant condition","no-constant-condition"
"C:\Users\Windows\Desktop\ASE\SIIS\public\draco\draco_decoder.js","12","50675","error","Unexpected constant condition","no-constant-condition"
"C:\Users\Windows\Desktop\ASE\SIIS\public\draco\draco_decoder.js","12","50978","error","Unexpected constant condition","no-constant-condition"
"C:\Users\Windows\Desktop\ASE\SIIS\public\draco\draco_decoder.js","12","51512","error","Unexpected constant condition","no-constant-condition"
"C:\Users\Windows\Desktop\ASE\SIIS\public\draco\draco_decoder.js","12","51669","error","Unexpected constant condition","no-constant-condition"
"C:\Users\Windows\Desktop\ASE\SIIS\public\draco\draco_decoder.js","12","51767","error","Unexpected constant condition","no-constant-condition"
"C:\Users\Windows\Desktop\ASE\SIIS\public\draco\draco_decoder.js","12","53210","error","Unexpected constant condition","no-constant-condition"
"C:\Users\Windows\Desktop\ASE\SIIS\public\draco\draco_decoder.js","12","53249","error","Unexpected constant condition","no-constant-condition"
"C:\Users\Windows\Desktop\ASE\SIIS\public\draco\draco_decoder.js","12","54589","error","Unexpected constant condition","no-constant-condition"
"C:\Users\Windows\Desktop\ASE\SIIS\public\draco\draco_decoder.js","12","54898","error","Unexpected constant condition","no-constant-condition"
"C:\Users\Windows\Desktop\ASE\SIIS\public\draco\draco_decoder.js","12","55445","error","Unexpected constant condition","no-constant-condition"
"C:\Users\Windows\Desktop\ASE\SIIS\public\draco\draco_decoder.js","12","55606","error","Unexpected constant condition","no-constant-condition"
"C:\Users\Windows\Desktop\ASE\SIIS\public\draco\draco_decoder.js","12","55705","error","Unexpected constant condition","no-constant-condition"
"C:\Users\Windows\Desktop\ASE\SIIS\public\draco\draco_decoder.js","12","57161","error","Unexpected constant condition","no-constant-condition"
"C:\Users\Windows\Desktop\ASE\SIIS\public\draco\draco_decoder.js","12","57201","error","Unexpected constant condition","no-constant-condition"
"C:\Users\Windows\Desktop\ASE\SIIS\public\draco\draco_decoder.js","12","58539","error","Unexpected constant condition","no-constant-condition"
"C:\Users\Windows\Desktop\ASE\SIIS\public\draco\draco_decoder.js","12","58848","error","Unexpected constant condition","no-constant-condition"
"C:\Users\Windows\Desktop\ASE\SIIS\public\draco\draco_decoder.js","12","59393","error","Unexpected constant condition","no-constant-condition"
"C:\Users\Windows\Desktop\ASE\SIIS\public\draco\draco_decoder.js","12","59554","error","Unexpected constant condition","no-constant-condition"
"C:\Users\Windows\Desktop\ASE\SIIS\public\draco\draco_decoder.js","12","59653","error","Unexpected constant condition","no-constant-condition"
"C:\Users\Windows\Desktop\ASE\SIIS\public\draco\draco_decoder.js","12","61103","error","Unexpected constant condition","no-constant-condition"
"C:\Users\Windows\Desktop\ASE\SIIS\public\draco\draco_decoder.js","12","61143","error","Unexpected constant condition","no-constant-condition"
"C:\Users\Windows\Desktop\ASE\SIIS\public\draco\draco_decoder.js","12","61977","error","Unexpected constant condition","no-constant-condition"
"C:\Users\Windows\Desktop\ASE\SIIS\public\draco\draco_decoder.js","12","62015","error","Unexpected constant condition","no-constant-condition"
"C:\Users\Windows\Desktop\ASE\SIIS\public\draco\draco_decoder.js","12","62732","error","Unexpected constant condition","no-constant-condition"
"C:\Users\Windows\Desktop\ASE\SIIS\public\draco\draco_decoder.js","12","62853","error","Unexpected constant condition","no-constant-condition"
"C:\Users\Windows\Desktop\ASE\SIIS\public\draco\draco_decoder.js","12","63040","error","Unexpected constant condition","no-constant-condition"
"C:\Users\Windows\Desktop\ASE\SIIS\public\draco\draco_decoder.js","12","69635","error","Unexpected constant condition","no-constant-condition"
"C:\Users\Windows\Desktop\ASE\SIIS\public\draco\draco_decoder.js","12","69865","error","Unexpected constant condition","no-constant-condition"
"C:\Users\Windows\Desktop\ASE\SIIS\public\draco\draco_decoder.js","12","70107","error","Unexpected constant condition","no-constant-condition"
"C:\Users\Windows\Desktop\ASE\SIIS\public\draco\draco_decoder.js","12","70428","error","Unexpected constant condition","no-constant-condition"
"C:\Users\Windows\Desktop\ASE\SIIS\public\draco\draco_decoder.js","12","71134","error","Unexpected constant condition","no-constant-condition"
"C:\Users\Windows\Desktop\ASE\SIIS\public\draco\draco_decoder.js","12","73862","error","Unexpected constant condition","no-constant-condition"
"C:\Users\Windows\Desktop\ASE\SIIS\public\draco\draco_decoder.js","12","74016","error","Unexpected constant condition","no-constant-condition"
"C:\Users\Windows\Desktop\ASE\SIIS\public\draco\draco_decoder.js","12","74487","error","Unexpected constant condition","no-constant-condition"
"C:\Users\Windows\Desktop\ASE\SIIS\public\draco\draco_decoder.js","12","75805","error","Unexpected constant condition","no-constant-condition"
"C:\Users\Windows\Desktop\ASE\SIIS\public\draco\draco_decoder.js","12","76430","error","Unexpected constant condition","no-constant-condition"
"C:\Users\Windows\Desktop\ASE\SIIS\public\draco\draco_decoder.js","12","77480","error","Unexpected constant condition","no-constant-condition"
"C:\Users\Windows\Desktop\ASE\SIIS\public\draco\draco_decoder.js","12","78031","error","Unexpected constant condition","no-constant-condition"
"C:\Users\Windows\Desktop\ASE\SIIS\public\draco\draco_decoder.js","12","78350","error","Unexpected constant condition","no-constant-condition"
"C:\Users\Windows\Desktop\ASE\SIIS\public\draco\draco_decoder.js","12","79133","error","Unexpected constant condition","no-constant-condition"
"C:\Users\Windows\Desktop\ASE\SIIS\public\draco\draco_decoder.js","12","80753","error","Unexpected constant condition","no-constant-condition"
"C:\Users\Windows\Desktop\ASE\SIIS\public\draco\draco_decoder.js","12","80822","error","Unexpected constant condition","no-constant-condition"
"C:\Users\Windows\Desktop\ASE\SIIS\public\draco\draco_decoder.js","12","80979","error","Unexpected constant condition","no-constant-condition"
"C:\Users\Windows\Desktop\ASE\SIIS\public\draco\draco_decoder.js","12","81440","error","Unexpected constant condition","no-constant-condition"
"C:\Users\Windows\Desktop\ASE\SIIS\public\draco\draco_decoder.js","12","82099","error","Unexpected constant condition","no-constant-condition"
"C:\Users\Windows\Desktop\ASE\SIIS\public\draco\draco_decoder.js","12","82207","error","Unexpected constant condition","no-constant-condition"
"C:\Users\Windows\Desktop\ASE\SIIS\public\draco\draco_decoder.js","12","82362","error","Unexpected constant condition","no-constant-condition"
"C:\Users\Windows\Desktop\ASE\SIIS\public\draco\draco_decoder.js","12","82471","error","Unexpected constant condition","no-constant-condition"
"C:\Users\Windows\Desktop\ASE\SIIS\public\draco\draco_decoder.js","12","82753","error","Unexpected constant condition","no-constant-condition"
"C:\Users\Windows\Desktop\ASE\SIIS\public\draco\draco_decoder.js","12","83238","error","Unexpected constant condition","no-constant-condition"
"C:\Users\Windows\Desktop\ASE\SIIS\public\draco\draco_decoder.js","12","83359","error","Unexpected constant condition","no-constant-condition"
"C:\Users\Windows\Desktop\ASE\SIIS\public\draco\draco_decoder.js","12","83546","error","Unexpected constant condition","no-constant-condition"
"C:\Users\Windows\Desktop\ASE\SIIS\public\draco\draco_decoder.js","12","87651","error","Unexpected constant condition","no-constant-condition"
"C:\Users\Windows\Desktop\ASE\SIIS\public\draco\draco_decoder.js","12","90199","error","Unexpected constant condition","no-constant-condition"
"C:\Users\Windows\Desktop\ASE\SIIS\public\draco\draco_decoder.js","12","90350","error","Unexpected constant condition","no-constant-condition"
"C:\Users\Windows\Desktop\ASE\SIIS\public\draco\draco_decoder.js","12","90818","error","Unexpected constant condition","no-constant-condition"
"C:\Users\Windows\Desktop\ASE\SIIS\public\draco\draco_decoder.js","12","92132","error","Unexpected constant condition","no-constant-condition"
"C:\Users\Windows\Desktop\ASE\SIIS\public\draco\draco_decoder.js","12","92752","error","Unexpected constant condition","no-constant-condition"
"C:\Users\Windows\Desktop\ASE\SIIS\public\draco\draco_decoder.js","12","93828","error","Unexpected constant condition","no-constant-condition"
"C:\Users\Windows\Desktop\ASE\SIIS\public\draco\draco_decoder.js","12","94383","error","Unexpected constant condition","no-constant-condition"
"C:\Users\Windows\Desktop\ASE\SIIS\public\draco\draco_decoder.js","12","94702","error","Unexpected constant condition","no-constant-condition"
"C:\Users\Windows\Desktop\ASE\SIIS\public\draco\draco_decoder.js","12","95504","error","Unexpected constant condition","no-constant-condition"
"C:\Users\Windows\Desktop\ASE\SIIS\public\draco\draco_decoder.js","12","97144","error","Unexpected constant condition","no-constant-condition"
"C:\Users\Windows\Desktop\ASE\SIIS\public\draco\draco_decoder.js","12","97213","error","Unexpected constant condition","no-constant-condition"
"C:\Users\Windows\Desktop\ASE\SIIS\public\draco\draco_decoder.js","12","97370","error","Unexpected constant condition","no-constant-condition"
"C:\Users\Windows\Desktop\ASE\SIIS\public\draco\draco_decoder.js","12","97831","error","Unexpected constant condition","no-constant-condition"
"C:\Users\Windows\Desktop\ASE\SIIS\public\draco\draco_decoder.js","12","98503","error","Unexpected constant condition","no-constant-condition"
"C:\Users\Windows\Desktop\ASE\SIIS\public\draco\draco_decoder.js","12","98611","error","Unexpected constant condition","no-constant-condition"
"C:\Users\Windows\Desktop\ASE\SIIS\public\draco\draco_decoder.js","12","98766","error","Unexpected constant condition","no-constant-condition"
"C:\Users\Windows\Desktop\ASE\SIIS\public\draco\draco_decoder.js","12","98875","error","Unexpected constant condition","no-constant-condition"
"C:\Users\Windows\Desktop\ASE\SIIS\public\draco\draco_decoder.js","12","99157","error","Unexpected constant condition","no-constant-condition"
"C:\Users\Windows\Desktop\ASE\SIIS\public\draco\draco_decoder.js","12","99625","error","Unexpected constant condition","no-constant-condition"
"C:\Users\Windows\Desktop\ASE\SIIS\public\draco\draco_decoder.js","12","99746","error","Unexpected constant condition","no-constant-condition"
"C:\Users\Windows\Desktop\ASE\SIIS\public\draco\draco_decoder.js","12","99933","error","Unexpected constant condition","no-constant-condition"
"C:\Users\Windows\Desktop\ASE\SIIS\public\draco\draco_decoder.js","12","103765","error","Unexpected constant condition","no-constant-condition"
"C:\Users\Windows\Desktop\ASE\SIIS\public\draco\draco_decoder.js","12","106220","error","Unexpected constant condition","no-constant-condition"
"C:\Users\Windows\Desktop\ASE\SIIS\public\draco\draco_decoder.js","12","106371","error","Unexpected constant condition","no-constant-condition"
"C:\Users\Windows\Desktop\ASE\SIIS\public\draco\draco_decoder.js","12","106839","error","Unexpected constant condition","no-constant-condition"
"C:\Users\Windows\Desktop\ASE\SIIS\public\draco\draco_decoder.js","12","108121","error","Unexpected constant condition","no-constant-condition"
"C:\Users\Windows\Desktop\ASE\SIIS\public\draco\draco_decoder.js","12","108806","error","Unexpected constant condition","no-constant-condition"
"C:\Users\Windows\Desktop\ASE\SIIS\public\draco\draco_decoder.js","12","109741","error","Unexpected constant condition","no-constant-condition"
"C:\Users\Windows\Desktop\ASE\SIIS\public\draco\draco_decoder.js","12","110296","error","Unexpected constant condition","no-constant-condition"
"C:\Users\Windows\Desktop\ASE\SIIS\public\draco\draco_decoder.js","12","110607","error","Unexpected constant condition","no-constant-condition"
"C:\Users\Windows\Desktop\ASE\SIIS\public\draco\draco_decoder.js","12","111409","error","Unexpected constant condition","no-constant-condition"
"C:\Users\Windows\Desktop\ASE\SIIS\public\draco\draco_decoder.js","12","113049","error","Unexpected constant condition","no-constant-condition"
"C:\Users\Windows\Desktop\ASE\SIIS\public\draco\draco_decoder.js","12","113118","error","Unexpected constant condition","no-constant-condition"
"C:\Users\Windows\Desktop\ASE\SIIS\public\draco\draco_decoder.js","12","113275","error","Unexpected constant condition","no-constant-condition"
"C:\Users\Windows\Desktop\ASE\SIIS\public\draco\draco_decoder.js","12","113736","error","Unexpected constant condition","no-constant-condition"
"C:\Users\Windows\Desktop\ASE\SIIS\public\draco\draco_decoder.js","12","114412","error","Unexpected constant condition","no-constant-condition"
"C:\Users\Windows\Desktop\ASE\SIIS\public\draco\draco_decoder.js","12","114520","error","Unexpected constant condition","no-constant-condition"
"C:\Users\Windows\Desktop\ASE\SIIS\public\draco\draco_decoder.js","12","114675","error","Unexpected constant condition","no-constant-condition"
"C:\Users\Windows\Desktop\ASE\SIIS\public\draco\draco_decoder.js","12","114784","error","Unexpected constant condition","no-constant-condition"
"C:\Users\Windows\Desktop\ASE\SIIS\public\draco\draco_decoder.js","12","115066","error","Unexpected constant condition","no-constant-condition"
"C:\Users\Windows\Desktop\ASE\SIIS\public\draco\draco_decoder.js","12","116081","error","Unexpected constant condition","no-constant-condition"
"C:\Users\Windows\Desktop\ASE\SIIS\public\draco\draco_decoder.js","12","116466","error","Unexpected constant condition","no-constant-condition"
"C:\Users\Windows\Desktop\ASE\SIIS\public\draco\draco_decoder.js","12","117103","error","Unexpected constant condition","no-constant-condition"
"C:\Users\Windows\Desktop\ASE\SIIS\public\draco\draco_decoder.js","12","117858","error","Unexpected constant condition","no-constant-condition"
"C:\Users\Windows\Desktop\ASE\SIIS\public\draco\draco_decoder.js","12","118499","error","Unexpected constant condition","no-constant-condition"
"C:\Users\Windows\Desktop\ASE\SIIS\public\draco\draco_decoder.js","12","118710","error","Unexpected constant condition","no-constant-condition"
"C:\Users\Windows\Desktop\ASE\SIIS\public\draco\draco_decoder.js","12","118848","error","Unexpected constant condition","no-constant-condition"
"C:\Users\Windows\Desktop\ASE\SIIS\public\draco\draco_decoder.js","12","119182","error","Unexpected constant condition","no-constant-condition"
"C:\Users\Windows\Desktop\ASE\SIIS\public\draco\draco_decoder.js","12","119342","error","Unexpected constant condition","no-constant-condition"
"C:\Users\Windows\Desktop\ASE\SIIS\public\draco\draco_decoder.js","12","119677","error","Unexpected constant condition","no-constant-condition"
"C:\Users\Windows\Desktop\ASE\SIIS\public\draco\draco_decoder.js","12","120225","error","Unexpected constant condition","no-constant-condition"
"C:\Users\Windows\Desktop\ASE\SIIS\public\draco\draco_decoder.js","12","120270","error","Unexpected constant condition","no-constant-condition"
"C:\Users\Windows\Desktop\ASE\SIIS\public\draco\draco_decoder.js","12","120378","error","Unexpected constant condition","no-constant-condition"
"C:\Users\Windows\Desktop\ASE\SIIS\public\draco\draco_decoder.js","12","120618","error","Unexpected constant condition","no-constant-condition"
"C:\Users\Windows\Desktop\ASE\SIIS\public\draco\draco_decoder.js","12","120853","error","Unexpected constant condition","no-constant-condition"
"C:\Users\Windows\Desktop\ASE\SIIS\public\draco\draco_decoder.js","12","121031","error","Unexpected constant condition","no-constant-condition"
"C:\Users\Windows\Desktop\ASE\SIIS\public\draco\draco_decoder.js","12","121449","error","Unexpected constant condition","no-constant-condition"
"C:\Users\Windows\Desktop\ASE\SIIS\public\draco\draco_decoder.js","12","122694","error","Unexpected constant condition","no-constant-condition"
"C:\Users\Windows\Desktop\ASE\SIIS\public\draco\draco_decoder.js","12","122875","error","Unexpected constant condition","no-constant-condition"
"C:\Users\Windows\Desktop\ASE\SIIS\public\draco\draco_decoder.js","12","123304","error","Unexpected constant condition","no-constant-condition"
"C:\Users\Windows\Desktop\ASE\SIIS\public\draco\draco_decoder.js","12","123743","error","Unexpected constant condition","no-constant-condition"
"C:\Users\Windows\Desktop\ASE\SIIS\public\draco\draco_decoder.js","12","124277","error","Unexpected constant condition","no-constant-condition"
"C:\Users\Windows\Desktop\ASE\SIIS\public\draco\draco_decoder.js","12","124781","error","Unexpected constant condition","no-constant-condition"
"C:\Users\Windows\Desktop\ASE\SIIS\public\draco\draco_decoder.js","12","125234","error","Unexpected constant condition","no-constant-condition"
"C:\Users\Windows\Desktop\ASE\SIIS\public\draco\draco_decoder.js","12","125757","error","Unexpected constant condition","no-constant-condition"
"C:\Users\Windows\Desktop\ASE\SIIS\public\draco\draco_decoder.js","12","126504","error","Unexpected constant condition","no-constant-condition"
"C:\Users\Windows\Desktop\ASE\SIIS\public\draco\draco_decoder.js","12","128420","error","Unexpected constant condition","no-constant-condition"
"C:\Users\Windows\Desktop\ASE\SIIS\public\draco\draco_decoder.js","12","128717","error","Unexpected constant condition","no-constant-condition"
"C:\Users\Windows\Desktop\ASE\SIIS\public\draco\draco_decoder.js","12","129029","error","Unexpected constant condition","no-constant-condition"
"C:\Users\Windows\Desktop\ASE\SIIS\public\draco\draco_decoder.js","12","129297","error","Unexpected constant condition","no-constant-condition"
"C:\Users\Windows\Desktop\ASE\SIIS\public\draco\draco_decoder.js","12","129444","error","Unexpected constant condition","no-constant-condition"
"C:\Users\Windows\Desktop\ASE\SIIS\public\draco\draco_decoder.js","12","129938","error","Unexpected constant condition","no-constant-condition"
"C:\Users\Windows\Desktop\ASE\SIIS\public\draco\draco_decoder.js","12","130083","error","Unexpected constant condition","no-constant-condition"
"C:\Users\Windows\Desktop\ASE\SIIS\public\draco\draco_decoder.js","12","130272","error","Unexpected constant condition","no-constant-condition"
"C:\Users\Windows\Desktop\ASE\SIIS\public\draco\draco_decoder.js","12","130563","error","Unexpected constant condition","no-constant-condition"
"C:\Users\Windows\Desktop\ASE\SIIS\public\draco\draco_decoder.js","12","130827","error","Unexpected constant condition","no-constant-condition"
"C:\Users\Windows\Desktop\ASE\SIIS\public\draco\draco_decoder.js","12","130970","error","Unexpected constant condition","no-constant-condition"
"C:\Users\Windows\Desktop\ASE\SIIS\public\draco\draco_decoder.js","12","131473","error","Unexpected constant condition","no-constant-condition"
"C:\Users\Windows\Desktop\ASE\SIIS\public\draco\draco_decoder.js","12","131614","error","Unexpected constant condition","no-constant-condition"
"C:\Users\Windows\Desktop\ASE\SIIS\public\draco\draco_decoder.js","12","131791","error","Unexpected constant condition","no-constant-condition"
"C:\Users\Windows\Desktop\ASE\SIIS\public\draco\draco_decoder.js","12","132078","error","Unexpected constant condition","no-constant-condition"
"C:\Users\Windows\Desktop\ASE\SIIS\public\draco\draco_decoder.js","12","132350","error","Unexpected constant condition","no-constant-condition"
"C:\Users\Windows\Desktop\ASE\SIIS\public\draco\draco_decoder.js","12","132493","error","Unexpected constant condition","no-constant-condition"
"C:\Users\Windows\Desktop\ASE\SIIS\public\draco\draco_decoder.js","12","132900","error","Unexpected constant condition","no-constant-condition"
"C:\Users\Windows\Desktop\ASE\SIIS\public\draco\draco_decoder.js","12","133197","error","Unexpected constant condition","no-constant-condition"
"C:\Users\Windows\Desktop\ASE\SIIS\public\draco\draco_decoder.js","12","133509","error","Unexpected constant condition","no-constant-condition"
"C:\Users\Windows\Desktop\ASE\SIIS\public\draco\draco_decoder.js","12","133777","error","Unexpected constant condition","no-constant-condition"
"C:\Users\Windows\Desktop\ASE\SIIS\public\draco\draco_decoder.js","12","133924","error","Unexpected constant condition","no-constant-condition"
"C:\Users\Windows\Desktop\ASE\SIIS\public\draco\draco_decoder.js","12","134418","error","Unexpected constant condition","no-constant-condition"
"C:\Users\Windows\Desktop\ASE\SIIS\public\draco\draco_decoder.js","12","134563","error","Unexpected constant condition","no-constant-condition"
"C:\Users\Windows\Desktop\ASE\SIIS\public\draco\draco_decoder.js","12","134752","error","Unexpected constant condition","no-constant-condition"
"C:\Users\Windows\Desktop\ASE\SIIS\public\draco\draco_decoder.js","12","135043","error","Unexpected constant condition","no-constant-condition"
"C:\Users\Windows\Desktop\ASE\SIIS\public\draco\draco_decoder.js","12","135307","error","Unexpected constant condition","no-constant-condition"
"C:\Users\Windows\Desktop\ASE\SIIS\public\draco\draco_decoder.js","12","135450","error","Unexpected constant condition","no-constant-condition"
"C:\Users\Windows\Desktop\ASE\SIIS\public\draco\draco_decoder.js","12","135953","error","Unexpected constant condition","no-constant-condition"
"C:\Users\Windows\Desktop\ASE\SIIS\public\draco\draco_decoder.js","12","136094","error","Unexpected constant condition","no-constant-condition"
"C:\Users\Windows\Desktop\ASE\SIIS\public\draco\draco_decoder.js","12","136271","error","Unexpected constant condition","no-constant-condition"
"C:\Users\Windows\Desktop\ASE\SIIS\public\draco\draco_decoder.js","12","136558","error","Unexpected constant condition","no-constant-condition"
"C:\Users\Windows\Desktop\ASE\SIIS\public\draco\draco_decoder.js","12","136830","error","Unexpected constant condition","no-constant-condition"
"C:\Users\Windows\Desktop\ASE\SIIS\public\draco\draco_decoder.js","12","136973","error","Unexpected constant condition","no-constant-condition"
"C:\Users\Windows\Desktop\ASE\SIIS\public\draco\draco_decoder.js","12","137310","error","Unexpected constant condition","no-constant-condition"
"C:\Users\Windows\Desktop\ASE\SIIS\public\draco\draco_decoder.js","12","137422","error","Unexpected constant condition","no-constant-condition"
"C:\Users\Windows\Desktop\ASE\SIIS\public\draco\draco_decoder.js","12","137779","error","Unexpected constant condition","no-constant-condition"
"C:\Users\Windows\Desktop\ASE\SIIS\public\draco\draco_decoder.js","12","137967","error","Unexpected constant condition","no-constant-condition"
"C:\Users\Windows\Desktop\ASE\SIIS\public\draco\draco_decoder.js","12","138250","error","Unexpected constant condition","no-constant-condition"
"C:\Users\Windows\Desktop\ASE\SIIS\public\draco\draco_decoder.js","12","138522","error","Unexpected constant condition","no-constant-condition"
"C:\Users\Windows\Desktop\ASE\SIIS\public\draco\draco_decoder.js","12","138669","error","Unexpected constant condition","no-constant-condition"
"C:\Users\Windows\Desktop\ASE\SIIS\public\draco\draco_decoder.js","12","139937","error","Unexpected constant condition","no-constant-condition"
"C:\Users\Windows\Desktop\ASE\SIIS\public\draco\draco_decoder.js","12","140465","error","Unexpected constant condition","no-constant-condition"
"C:\Users\Windows\Desktop\ASE\SIIS\public\draco\draco_decoder.js","12","140994","error","Unexpected constant condition","no-constant-condition"
"C:\Users\Windows\Desktop\ASE\SIIS\public\draco\draco_decoder.js","12","141694","error","Unexpected constant condition","no-constant-condition"
"C:\Users\Windows\Desktop\ASE\SIIS\public\draco\draco_decoder.js","12","142327","error","Unexpected constant condition","no-constant-condition"
"C:\Users\Windows\Desktop\ASE\SIIS\public\draco\draco_decoder.js","12","143097","error","Unexpected constant condition","no-constant-condition"
"C:\Users\Windows\Desktop\ASE\SIIS\public\draco\draco_decoder.js","12","144129","error","Unexpected constant condition","no-constant-condition"
"C:\Users\Windows\Desktop\ASE\SIIS\public\draco\draco_decoder.js","12","144657","error","Unexpected constant condition","no-constant-condition"
"C:\Users\Windows\Desktop\ASE\SIIS\public\draco\draco_decoder.js","12","145186","error","Unexpected constant condition","no-constant-condition"
"C:\Users\Windows\Desktop\ASE\SIIS\public\draco\draco_decoder.js","12","145886","error","Unexpected constant condition","no-constant-condition"
"C:\Users\Windows\Desktop\ASE\SIIS\public\draco\draco_decoder.js","12","146519","error","Unexpected constant condition","no-constant-condition"
"C:\Users\Windows\Desktop\ASE\SIIS\public\draco\draco_decoder.js","12","147289","error","Unexpected constant condition","no-constant-condition"
"C:\Users\Windows\Desktop\ASE\SIIS\public\draco\draco_decoder.js","12","148237","error","Unexpected constant condition","no-constant-condition"
"C:\Users\Windows\Desktop\ASE\SIIS\public\draco\draco_decoder.js","12","149350","error","Unexpected constant condition","no-constant-condition"
"C:\Users\Windows\Desktop\ASE\SIIS\public\draco\draco_decoder.js","12","149632","error","Unexpected constant condition","no-constant-condition"
"C:\Users\Windows\Desktop\ASE\SIIS\public\draco\draco_decoder.js","12","150019","error","Unexpected constant condition","no-constant-condition"
"C:\Users\Windows\Desktop\ASE\SIIS\public\draco\draco_decoder.js","12","150302","error","Unexpected constant condition","no-constant-condition"
"C:\Users\Windows\Desktop\ASE\SIIS\public\draco\draco_decoder.js","12","150612","error","Unexpected constant condition","no-constant-condition"
"C:\Users\Windows\Desktop\ASE\SIIS\public\draco\draco_decoder.js","12","151365","error","Unexpected constant condition","no-constant-condition"
"C:\Users\Windows\Desktop\ASE\SIIS\public\draco\draco_decoder.js","12","152090","error","Unexpected constant condition","no-constant-condition"
"C:\Users\Windows\Desktop\ASE\SIIS\public\draco\draco_decoder.js","12","152294","error","Unexpected constant condition","no-constant-condition"
"C:\Users\Windows\Desktop\ASE\SIIS\public\draco\draco_decoder.js","12","152783","error","Unexpected constant condition","no-constant-condition"
"C:\Users\Windows\Desktop\ASE\SIIS\public\draco\draco_decoder.js","12","152888","error","Unexpected constant condition","no-constant-condition"
"C:\Users\Windows\Desktop\ASE\SIIS\public\draco\draco_decoder.js","12","153604","error","Unexpected constant condition","no-constant-condition"
"C:\Users\Windows\Desktop\ASE\SIIS\public\draco\draco_decoder.js","12","154467","error","Unexpected constant condition","no-constant-condition"
"C:\Users\Windows\Desktop\ASE\SIIS\public\draco\draco_decoder.js","12","154947","error","Unexpected constant condition","no-constant-condition"
"C:\Users\Windows\Desktop\ASE\SIIS\public\draco\draco_decoder.js","12","155488","error","Unexpected constant condition","no-constant-condition"
"C:\Users\Windows\Desktop\ASE\SIIS\public\draco\draco_decoder.js","12","156769","error","Unexpected constant condition","no-constant-condition"
"C:\Users\Windows\Desktop\ASE\SIIS\public\draco\draco_decoder.js","12","157841","error","Unexpected constant condition","no-constant-condition"
"C:\Users\Windows\Desktop\ASE\SIIS\public\draco\draco_decoder.js","12","158705","error","Unexpected constant condition","no-constant-condition"
"C:\Users\Windows\Desktop\ASE\SIIS\public\draco\draco_decoder.js","12","159731","error","Unexpected constant condition","no-constant-condition"
"C:\Users\Windows\Desktop\ASE\SIIS\public\draco\draco_decoder.js","12","160893","error","Unexpected constant condition","no-constant-condition"
"C:\Users\Windows\Desktop\ASE\SIIS\public\draco\draco_decoder.js","12","160964","error","Unexpected constant condition","no-constant-condition"
"C:\Users\Windows\Desktop\ASE\SIIS\public\draco\draco_decoder.js","12","161129","error","Unexpected constant condition","no-constant-condition"
"C:\Users\Windows\Desktop\ASE\SIIS\public\draco\draco_decoder.js","12","161590","error","Unexpected constant condition","no-constant-condition"
"C:\Users\Windows\Desktop\ASE\SIIS\public\draco\draco_decoder.js","12","163797","error","Unexpected constant condition","no-constant-condition"
"C:\Users\Windows\Desktop\ASE\SIIS\public\draco\draco_decoder.js","12","165015","error","Unexpected constant condition","no-constant-condition"
"C:\Users\Windows\Desktop\ASE\SIIS\public\draco\draco_decoder.js","12","165790","error","Unexpected constant condition","no-constant-condition"
"C:\Users\Windows\Desktop\ASE\SIIS\public\draco\draco_decoder.js","12","167738","error","Unexpected constant condition","no-constant-condition"
"C:\Users\Windows\Desktop\ASE\SIIS\public\draco\draco_decoder.js","12","168281","error","Unexpected constant condition","no-constant-condition"
"C:\Users\Windows\Desktop\ASE\SIIS\public\draco\draco_decoder.js","12","168437","error","Unexpected constant condition","no-constant-condition"
"C:\Users\Windows\Desktop\ASE\SIIS\public\draco\draco_decoder.js","12","168743","error","Unexpected constant condition","no-constant-condition"
"C:\Users\Windows\Desktop\ASE\SIIS\public\draco\draco_decoder.js","12","169270","error","Unexpected constant condition","no-constant-condition"
"C:\Users\Windows\Desktop\ASE\SIIS\public\draco\draco_decoder.js","12","171195","error","Unexpected constant condition","no-constant-condition"
"C:\Users\Windows\Desktop\ASE\SIIS\public\draco\draco_decoder.js","12","172016","error","Unexpected constant condition","no-constant-condition"
"C:\Users\Windows\Desktop\ASE\SIIS\public\draco\draco_decoder.js","12","172854","error","Unexpected constant condition","no-constant-condition"
"C:\Users\Windows\Desktop\ASE\SIIS\public\draco\draco_decoder.js","12","176597","error","Unexpected constant condition","no-constant-condition"
"C:\Users\Windows\Desktop\ASE\SIIS\public\draco\draco_decoder.js","12","177259","error","Unexpected constant condition","no-constant-condition"
"C:\Users\Windows\Desktop\ASE\SIIS\public\draco\draco_decoder.js","12","177436","error","Unexpected constant condition","no-constant-condition"
"C:\Users\Windows\Desktop\ASE\SIIS\public\draco\draco_decoder.js","12","181138","error","Unexpected constant condition","no-constant-condition"
"C:\Users\Windows\Desktop\ASE\SIIS\public\draco\draco_decoder.js","12","181468","error","Unexpected constant condition","no-constant-condition"
"C:\Users\Windows\Desktop\ASE\SIIS\public\draco\draco_decoder.js","12","181744","error","Unexpected constant condition","no-constant-condition"
"C:\Users\Windows\Desktop\ASE\SIIS\public\draco\draco_decoder.js","12","182170","error","Unexpected constant condition","no-constant-condition"
"C:\Users\Windows\Desktop\ASE\SIIS\public\draco\draco_decoder.js","12","182245","error","Unexpected constant condition","no-constant-condition"
"C:\Users\Windows\Desktop\ASE\SIIS\public\draco\draco_decoder.js","12","182648","error","Unexpected constant condition","no-constant-condition"
"C:\Users\Windows\Desktop\ASE\SIIS\public\draco\draco_decoder.js","12","183129","error","Unexpected constant condition","no-constant-condition"
"C:\Users\Windows\Desktop\ASE\SIIS\public\draco\draco_decoder.js","12","183204","error","Unexpected constant condition","no-constant-condition"
"C:\Users\Windows\Desktop\ASE\SIIS\public\draco\draco_decoder.js","12","183588","error","Unexpected constant condition","no-constant-condition"
"C:\Users\Windows\Desktop\ASE\SIIS\public\draco\draco_decoder.js","12","184507","error","Unexpected constant condition","no-constant-condition"
"C:\Users\Windows\Desktop\ASE\SIIS\public\draco\draco_decoder.js","12","184554","error","Unexpected constant condition","no-constant-condition"
"C:\Users\Windows\Desktop\ASE\SIIS\public\draco\draco_decoder.js","12","185414","error","Unexpected constant condition","no-constant-condition"
"C:\Users\Windows\Desktop\ASE\SIIS\public\draco\draco_decoder.js","12","185680","error","Unexpected constant condition","no-constant-condition"
"C:\Users\Windows\Desktop\ASE\SIIS\public\draco\draco_decoder.js","12","188253","error","Unexpected constant condition","no-constant-condition"
"C:\Users\Windows\Desktop\ASE\SIIS\public\draco\draco_decoder.js","12","188833","error","Unexpected constant condition","no-constant-condition"
"C:\Users\Windows\Desktop\ASE\SIIS\public\draco\draco_decoder.js","12","188886","error","Unexpected constant condition","no-constant-condition"
"C:\Users\Windows\Desktop\ASE\SIIS\public\draco\draco_decoder.js","12","189115","error","Unexpected constant condition","no-constant-condition"
"C:\Users\Windows\Desktop\ASE\SIIS\public\draco\draco_decoder.js","12","190075","error","Unexpected constant condition","no-constant-condition"
"C:\Users\Windows\Desktop\ASE\SIIS\public\draco\draco_decoder.js","12","191125","error","Unexpected constant condition","no-constant-condition"
"C:\Users\Windows\Desktop\ASE\SIIS\public\draco\draco_decoder.js","12","191203","error","Unexpected constant condition","no-constant-condition"
"C:\Users\Windows\Desktop\ASE\SIIS\public\draco\draco_decoder.js","12","191801","error","Unexpected constant condition","no-constant-condition"
"C:\Users\Windows\Desktop\ASE\SIIS\public\draco\draco_decoder.js","12","192029","error","Unexpected constant condition","no-constant-condition"
"C:\Users\Windows\Desktop\ASE\SIIS\public\draco\draco_decoder.js","12","192437","error","Unexpected constant condition","no-constant-condition"
"C:\Users\Windows\Desktop\ASE\SIIS\public\draco\draco_decoder.js","12","192575","error","Expected a 'break' statement before 'case'","no-fallthrough"
"C:\Users\Windows\Desktop\ASE\SIIS\public\draco\draco_decoder.js","12","192652","error","Unexpected constant condition","no-constant-condition"
"C:\Users\Windows\Desktop\ASE\SIIS\public\draco\draco_decoder.js","12","194532","error","Unexpected constant condition","no-constant-condition"
"C:\Users\Windows\Desktop\ASE\SIIS\public\draco\draco_decoder.js","12","195120","error","Unexpected constant condition","no-constant-condition"
"C:\Users\Windows\Desktop\ASE\SIIS\public\draco\draco_decoder.js","12","195173","error","Unexpected constant condition","no-constant-condition"
"C:\Users\Windows\Desktop\ASE\SIIS\public\draco\draco_decoder.js","12","195402","error","Unexpected constant condition","no-constant-condition"
"C:\Users\Windows\Desktop\ASE\SIIS\public\draco\draco_decoder.js","12","196318","error","Unexpected constant condition","no-constant-condition"
"C:\Users\Windows\Desktop\ASE\SIIS\public\draco\draco_decoder.js","12","197382","error","Unexpected constant condition","no-constant-condition"
"C:\Users\Windows\Desktop\ASE\SIIS\public\draco\draco_decoder.js","12","197460","error","Unexpected constant condition","no-constant-condition"
"C:\Users\Windows\Desktop\ASE\SIIS\public\draco\draco_decoder.js","12","198058","error","Unexpected constant condition","no-constant-condition"
"C:\Users\Windows\Desktop\ASE\SIIS\public\draco\draco_decoder.js","12","198286","error","Unexpected constant condition","no-constant-condition"
"C:\Users\Windows\Desktop\ASE\SIIS\public\draco\draco_decoder.js","12","198694","error","Unexpected constant condition","no-constant-condition"
"C:\Users\Windows\Desktop\ASE\SIIS\public\draco\draco_decoder.js","12","198832","error","Expected a 'break' statement before 'case'","no-fallthrough"
"C:\Users\Windows\Desktop\ASE\SIIS\public\draco\draco_decoder.js","12","198909","error","Unexpected constant condition","no-constant-condition"
"C:\Users\Windows\Desktop\ASE\SIIS\public\draco\draco_decoder.js","12","200806","error","Unexpected constant condition","no-constant-condition"
"C:\Users\Windows\Desktop\ASE\SIIS\public\draco\draco_decoder.js","12","201311","error","Unexpected constant condition","no-constant-condition"
"C:\Users\Windows\Desktop\ASE\SIIS\public\draco\draco_decoder.js","12","201364","error","Unexpected constant condition","no-constant-condition"
"C:\Users\Windows\Desktop\ASE\SIIS\public\draco\draco_decoder.js","12","201593","error","Unexpected constant condition","no-constant-condition"
"C:\Users\Windows\Desktop\ASE\SIIS\public\draco\draco_decoder.js","12","202225","error","Unexpected constant condition","no-constant-condition"
"C:\Users\Windows\Desktop\ASE\SIIS\public\draco\draco_decoder.js","12","202343","error","Unexpected constant condition","no-constant-condition"
"C:\Users\Windows\Desktop\ASE\SIIS\public\draco\draco_decoder.js","12","203403","error","Unexpected constant condition","no-constant-condition"
"C:\Users\Windows\Desktop\ASE\SIIS\public\draco\draco_decoder.js","12","203483","error","Unexpected constant condition","no-constant-condition"
"C:\Users\Windows\Desktop\ASE\SIIS\public\draco\draco_decoder.js","12","204090","error","Unexpected constant condition","no-constant-condition"
"C:\Users\Windows\Desktop\ASE\SIIS\public\draco\draco_decoder.js","12","204319","error","Unexpected constant condition","no-constant-condition"
"C:\Users\Windows\Desktop\ASE\SIIS\public\draco\draco_decoder.js","12","204727","error","Unexpected constant condition","no-constant-condition"
"C:\Users\Windows\Desktop\ASE\SIIS\public\draco\draco_decoder.js","12","204865","error","Expected a 'break' statement before 'case'","no-fallthrough"
"C:\Users\Windows\Desktop\ASE\SIIS\public\draco\draco_decoder.js","12","204942","error","Unexpected constant condition","no-constant-condition"
"C:\Users\Windows\Desktop\ASE\SIIS\public\draco\draco_decoder.js","12","206838","error","Unexpected constant condition","no-constant-condition"
"C:\Users\Windows\Desktop\ASE\SIIS\public\draco\draco_decoder.js","12","207314","error","Unexpected constant condition","no-constant-condition"
"C:\Users\Windows\Desktop\ASE\SIIS\public\draco\draco_decoder.js","12","207367","error","Unexpected constant condition","no-constant-condition"
"C:\Users\Windows\Desktop\ASE\SIIS\public\draco\draco_decoder.js","12","207596","error","Unexpected constant condition","no-constant-condition"
"C:\Users\Windows\Desktop\ASE\SIIS\public\draco\draco_decoder.js","12","208228","error","Unexpected constant condition","no-constant-condition"
"C:\Users\Windows\Desktop\ASE\SIIS\public\draco\draco_decoder.js","12","208346","error","Unexpected constant condition","no-constant-condition"
"C:\Users\Windows\Desktop\ASE\SIIS\public\draco\draco_decoder.js","12","209406","error","Unexpected constant condition","no-constant-condition"
"C:\Users\Windows\Desktop\ASE\SIIS\public\draco\draco_decoder.js","12","209486","error","Unexpected constant condition","no-constant-condition"
"C:\Users\Windows\Desktop\ASE\SIIS\public\draco\draco_decoder.js","12","210093","error","Unexpected constant condition","no-constant-condition"
"C:\Users\Windows\Desktop\ASE\SIIS\public\draco\draco_decoder.js","12","210322","error","Unexpected constant condition","no-constant-condition"
"C:\Users\Windows\Desktop\ASE\SIIS\public\draco\draco_decoder.js","12","210730","error","Unexpected constant condition","no-constant-condition"
"C:\Users\Windows\Desktop\ASE\SIIS\public\draco\draco_decoder.js","12","210868","error","Expected a 'break' statement before 'case'","no-fallthrough"
"C:\Users\Windows\Desktop\ASE\SIIS\public\draco\draco_decoder.js","12","210945","error","Unexpected constant condition","no-constant-condition"
"C:\Users\Windows\Desktop\ASE\SIIS\public\draco\draco_decoder.js","12","212833","error","Unexpected constant condition","no-constant-condition"
"C:\Users\Windows\Desktop\ASE\SIIS\public\draco\draco_decoder.js","12","213346","error","Unexpected constant condition","no-constant-condition"
"C:\Users\Windows\Desktop\ASE\SIIS\public\draco\draco_decoder.js","12","213399","error","Unexpected constant condition","no-constant-condition"
"C:\Users\Windows\Desktop\ASE\SIIS\public\draco\draco_decoder.js","12","213628","error","Unexpected constant condition","no-constant-condition"
"C:\Users\Windows\Desktop\ASE\SIIS\public\draco\draco_decoder.js","12","214216","error","Unexpected constant condition","no-constant-condition"
"C:\Users\Windows\Desktop\ASE\SIIS\public\draco\draco_decoder.js","12","214334","error","Unexpected constant condition","no-constant-condition"
"C:\Users\Windows\Desktop\ASE\SIIS\public\draco\draco_decoder.js","12","215408","error","Unexpected constant condition","no-constant-condition"
"C:\Users\Windows\Desktop\ASE\SIIS\public\draco\draco_decoder.js","12","215488","error","Unexpected constant condition","no-constant-condition"
"C:\Users\Windows\Desktop\ASE\SIIS\public\draco\draco_decoder.js","12","216095","error","Unexpected constant condition","no-constant-condition"
"C:\Users\Windows\Desktop\ASE\SIIS\public\draco\draco_decoder.js","12","216324","error","Unexpected constant condition","no-constant-condition"
"C:\Users\Windows\Desktop\ASE\SIIS\public\draco\draco_decoder.js","12","216732","error","Unexpected constant condition","no-constant-condition"
"C:\Users\Windows\Desktop\ASE\SIIS\public\draco\draco_decoder.js","12","216870","error","Expected a 'break' statement before 'case'","no-fallthrough"
"C:\Users\Windows\Desktop\ASE\SIIS\public\draco\draco_decoder.js","12","216947","error","Unexpected constant condition","no-constant-condition"
"C:\Users\Windows\Desktop\ASE\SIIS\public\draco\draco_decoder.js","12","218844","error","Unexpected constant condition","no-constant-condition"
"C:\Users\Windows\Desktop\ASE\SIIS\public\draco\draco_decoder.js","12","219421","error","Unexpected constant condition","no-constant-condition"
"C:\Users\Windows\Desktop\ASE\SIIS\public\draco\draco_decoder.js","12","219474","error","Unexpected constant condition","no-constant-condition"
"C:\Users\Windows\Desktop\ASE\SIIS\public\draco\draco_decoder.js","12","219703","error","Unexpected constant condition","no-constant-condition"
"C:\Users\Windows\Desktop\ASE\SIIS\public\draco\draco_decoder.js","12","220628","error","Unexpected constant condition","no-constant-condition"
"C:\Users\Windows\Desktop\ASE\SIIS\public\draco\draco_decoder.js","12","221397","error","Unexpected constant condition","no-constant-condition"
"C:\Users\Windows\Desktop\ASE\SIIS\public\draco\draco_decoder.js","12","221475","error","Unexpected constant condition","no-constant-condition"
"C:\Users\Windows\Desktop\ASE\SIIS\public\draco\draco_decoder.js","12","222073","error","Unexpected constant condition","no-constant-condition"
"C:\Users\Windows\Desktop\ASE\SIIS\public\draco\draco_decoder.js","12","222301","error","Unexpected constant condition","no-constant-condition"
"C:\Users\Windows\Desktop\ASE\SIIS\public\draco\draco_decoder.js","12","222709","error","Unexpected constant condition","no-constant-condition"
"C:\Users\Windows\Desktop\ASE\SIIS\public\draco\draco_decoder.js","12","222847","error","Expected a 'break' statement before 'case'","no-fallthrough"
"C:\Users\Windows\Desktop\ASE\SIIS\public\draco\draco_decoder.js","12","222924","error","Unexpected constant condition","no-constant-condition"
"C:\Users\Windows\Desktop\ASE\SIIS\public\draco\draco_decoder.js","12","224817","error","Unexpected constant condition","no-constant-condition"
"C:\Users\Windows\Desktop\ASE\SIIS\public\draco\draco_decoder.js","12","225398","error","Unexpected constant condition","no-constant-condition"
"C:\Users\Windows\Desktop\ASE\SIIS\public\draco\draco_decoder.js","12","225451","error","Unexpected constant condition","no-constant-condition"
"C:\Users\Windows\Desktop\ASE\SIIS\public\draco\draco_decoder.js","12","225680","error","Unexpected constant condition","no-constant-condition"
"C:\Users\Windows\Desktop\ASE\SIIS\public\draco\draco_decoder.js","12","226569","error","Unexpected constant condition","no-constant-condition"
"C:\Users\Windows\Desktop\ASE\SIIS\public\draco\draco_decoder.js","12","227344","error","Unexpected constant condition","no-constant-condition"
"C:\Users\Windows\Desktop\ASE\SIIS\public\draco\draco_decoder.js","12","227422","error","Unexpected constant condition","no-constant-condition"
"C:\Users\Windows\Desktop\ASE\SIIS\public\draco\draco_decoder.js","12","228020","error","Unexpected constant condition","no-constant-condition"
"C:\Users\Windows\Desktop\ASE\SIIS\public\draco\draco_decoder.js","12","228248","error","Unexpected constant condition","no-constant-condition"
"C:\Users\Windows\Desktop\ASE\SIIS\public\draco\draco_decoder.js","12","228656","error","Unexpected constant condition","no-constant-condition"
"C:\Users\Windows\Desktop\ASE\SIIS\public\draco\draco_decoder.js","12","228794","error","Expected a 'break' statement before 'case'","no-fallthrough"
"C:\Users\Windows\Desktop\ASE\SIIS\public\draco\draco_decoder.js","12","228871","error","Unexpected constant condition","no-constant-condition"
"C:\Users\Windows\Desktop\ASE\SIIS\public\draco\draco_decoder.js","12","229497","error","Unexpected constant condition","no-constant-condition"
"C:\Users\Windows\Desktop\ASE\SIIS\public\draco\draco_decoder.js","12","229656","error","Unexpected constant condition","no-constant-condition"
"C:\Users\Windows\Desktop\ASE\SIIS\public\draco\draco_decoder.js","12","230243","error","Unexpected constant condition","no-constant-condition"
"C:\Users\Windows\Desktop\ASE\SIIS\public\draco\draco_decoder.js","12","230389","error","Unexpected constant condition","no-constant-condition"
"C:\Users\Windows\Desktop\ASE\SIIS\public\draco\draco_decoder.js","12","230745","error","Unexpected constant condition","no-constant-condition"
"C:\Users\Windows\Desktop\ASE\SIIS\public\draco\draco_decoder.js","12","231150","error","Unexpected constant condition","no-constant-condition"
"C:\Users\Windows\Desktop\ASE\SIIS\public\draco\draco_decoder.js","12","231807","error","Unexpected constant condition","no-constant-condition"
"C:\Users\Windows\Desktop\ASE\SIIS\public\draco\draco_decoder.js","12","232058","error","Unexpected constant condition","no-constant-condition"
"C:\Users\Windows\Desktop\ASE\SIIS\public\draco\draco_decoder.js","12","232345","error","Unexpected constant condition","no-constant-condition"
"C:\Users\Windows\Desktop\ASE\SIIS\public\draco\draco_decoder.js","12","233249","error","Unexpected constant condition","no-constant-condition"
"C:\Users\Windows\Desktop\ASE\SIIS\public\draco\draco_decoder.js","12","233356","error","Unexpected constant condition","no-constant-condition"
"C:\Users\Windows\Desktop\ASE\SIIS\public\draco\draco_decoder.js","12","234367","error","Unexpected constant condition","no-constant-condition"
"C:\Users\Windows\Desktop\ASE\SIIS\public\draco\draco_decoder.js","12","235980","error","Unexpected constant condition","no-constant-condition"
"C:\Users\Windows\Desktop\ASE\SIIS\public\draco\draco_decoder.js","12","236201","error","Unexpected constant condition","no-constant-condition"
"C:\Users\Windows\Desktop\ASE\SIIS\public\draco\draco_decoder.js","12","236776","error","Unexpected constant condition","no-constant-condition"
"C:\Users\Windows\Desktop\ASE\SIIS\public\draco\draco_decoder.js","12","236970","error","Unexpected constant condition","no-constant-condition"
"C:\Users\Windows\Desktop\ASE\SIIS\public\draco\draco_decoder.js","12","237402","error","Unexpected constant condition","no-constant-condition"
"C:\Users\Windows\Desktop\ASE\SIIS\public\draco\draco_decoder.js","12","238441","error","Unexpected constant condition","no-constant-condition"
"C:\Users\Windows\Desktop\ASE\SIIS\public\draco\draco_decoder.js","12","238620","error","Unexpected constant condition","no-constant-condition"
"C:\Users\Windows\Desktop\ASE\SIIS\public\draco\draco_decoder.js","12","238855","error","Unexpected constant condition","no-constant-condition"
"C:\Users\Windows\Desktop\ASE\SIIS\public\draco\draco_decoder.js","12","239133","error","Unexpected constant condition","no-constant-condition"
"C:\Users\Windows\Desktop\ASE\SIIS\public\draco\draco_decoder.js","12","239377","error","Unexpected constant condition","no-constant-condition"
"C:\Users\Windows\Desktop\ASE\SIIS\public\draco\draco_decoder.js","12","239598","error","Unexpected constant condition","no-constant-condition"
"C:\Users\Windows\Desktop\ASE\SIIS\public\draco\draco_decoder.js","12","239816","error","Unexpected constant condition","no-constant-condition"
"C:\Users\Windows\Desktop\ASE\SIIS\public\draco\draco_decoder.js","12","240060","error","Unexpected constant condition","no-constant-condition"
"C:\Users\Windows\Desktop\ASE\SIIS\public\draco\draco_decoder.js","12","241694","error","Unexpected constant condition","no-constant-condition"
"C:\Users\Windows\Desktop\ASE\SIIS\public\draco\draco_decoder.js","12","241915","error","Unexpected constant condition","no-constant-condition"
"C:\Users\Windows\Desktop\ASE\SIIS\public\draco\draco_decoder.js","12","242490","error","Unexpected constant condition","no-constant-condition"
"C:\Users\Windows\Desktop\ASE\SIIS\public\draco\draco_decoder.js","12","242667","error","Unexpected constant condition","no-constant-condition"
"C:\Users\Windows\Desktop\ASE\SIIS\public\draco\draco_decoder.js","12","243124","error","Unexpected constant condition","no-constant-condition"
"C:\Users\Windows\Desktop\ASE\SIIS\public\draco\draco_decoder.js","12","244021","error","Unexpected constant condition","no-constant-condition"
"C:\Users\Windows\Desktop\ASE\SIIS\public\draco\draco_decoder.js","12","244200","error","Unexpected constant condition","no-constant-condition"
"C:\Users\Windows\Desktop\ASE\SIIS\public\draco\draco_decoder.js","12","244435","error","Unexpected constant condition","no-constant-condition"
"C:\Users\Windows\Desktop\ASE\SIIS\public\draco\draco_decoder.js","12","244713","error","Unexpected constant condition","no-constant-condition"
"C:\Users\Windows\Desktop\ASE\SIIS\public\draco\draco_decoder.js","12","244957","error","Unexpected constant condition","no-constant-condition"
"C:\Users\Windows\Desktop\ASE\SIIS\public\draco\draco_decoder.js","12","245178","error","Unexpected constant condition","no-constant-condition"
"C:\Users\Windows\Desktop\ASE\SIIS\public\draco\draco_decoder.js","12","245396","error","Unexpected constant condition","no-constant-condition"
"C:\Users\Windows\Desktop\ASE\SIIS\public\draco\draco_decoder.js","12","245640","error","Unexpected constant condition","no-constant-condition"
"C:\Users\Windows\Desktop\ASE\SIIS\public\draco\draco_decoder.js","12","246288","error","Unexpected constant condition","no-constant-condition"
"C:\Users\Windows\Desktop\ASE\SIIS\public\draco\draco_decoder.js","12","246370","error","Unexpected constant condition","no-constant-condition"
"C:\Users\Windows\Desktop\ASE\SIIS\public\draco\draco_decoder.js","12","246438","error","Unexpected constant condition","no-constant-condition"
"C:\Users\Windows\Desktop\ASE\SIIS\public\draco\draco_decoder.js","12","246808","error","Unexpected constant condition","no-constant-condition"
"C:\Users\Windows\Desktop\ASE\SIIS\public\draco\draco_decoder.js","12","247612","error","Unexpected constant condition","no-constant-condition"
"C:\Users\Windows\Desktop\ASE\SIIS\public\draco\draco_decoder.js","12","249050","error","Unexpected constant condition","no-constant-condition"
"C:\Users\Windows\Desktop\ASE\SIIS\public\draco\draco_decoder.js","12","249289","error","Unexpected constant condition","no-constant-condition"
"C:\Users\Windows\Desktop\ASE\SIIS\public\draco\draco_decoder.js","12","249639","error","Unexpected constant condition","no-constant-condition"
"C:\Users\Windows\Desktop\ASE\SIIS\public\draco\draco_decoder.js","12","249759","error","Unexpected constant condition","no-constant-condition"
"C:\Users\Windows\Desktop\ASE\SIIS\public\draco\draco_decoder.js","12","250105","error","Unexpected constant condition","no-constant-condition"
"C:\Users\Windows\Desktop\ASE\SIIS\public\draco\draco_decoder.js","12","250240","error","Unexpected constant condition","no-constant-condition"
"C:\Users\Windows\Desktop\ASE\SIIS\public\draco\draco_decoder.js","12","250361","error","Unexpected constant condition","no-constant-condition"
"C:\Users\Windows\Desktop\ASE\SIIS\public\draco\draco_decoder.js","12","250637","error","Unexpected constant condition","no-constant-condition"
"C:\Users\Windows\Desktop\ASE\SIIS\public\draco\draco_decoder.js","12","250864","error","Unexpected constant condition","no-constant-condition"
"C:\Users\Windows\Desktop\ASE\SIIS\public\draco\draco_decoder.js","12","251178","error","Unexpected constant condition","no-constant-condition"
"C:\Users\Windows\Desktop\ASE\SIIS\public\draco\draco_decoder.js","12","251304","error","Unexpected constant condition","no-constant-condition"
"C:\Users\Windows\Desktop\ASE\SIIS\public\draco\draco_decoder.js","12","252183","error","Unexpected constant condition","no-constant-condition"
"C:\Users\Windows\Desktop\ASE\SIIS\public\draco\draco_decoder.js","12","255469","error","Unexpected constant condition","no-constant-condition"
"C:\Users\Windows\Desktop\ASE\SIIS\public\draco\draco_decoder.js","12","255760","error","Unexpected constant condition","no-constant-condition"
"C:\Users\Windows\Desktop\ASE\SIIS\public\draco\draco_decoder.js","12","256510","error","Unexpected constant condition","no-constant-condition"
"C:\Users\Windows\Desktop\ASE\SIIS\public\draco\draco_decoder.js","12","256754","error","Unexpected constant condition","no-constant-condition"
"C:\Users\Windows\Desktop\ASE\SIIS\public\draco\draco_decoder.js","12","257534","error","Unexpected constant condition","no-constant-condition"
"C:\Users\Windows\Desktop\ASE\SIIS\public\draco\draco_decoder.js","12","260818","error","Unexpected constant condition","no-constant-condition"
"C:\Users\Windows\Desktop\ASE\SIIS\public\draco\draco_decoder.js","12","261118","error","Unexpected constant condition","no-constant-condition"
"C:\Users\Windows\Desktop\ASE\SIIS\public\draco\draco_decoder.js","12","261843","error","Unexpected constant condition","no-constant-condition"
"C:\Users\Windows\Desktop\ASE\SIIS\public\draco\draco_decoder.js","12","262087","error","Unexpected constant condition","no-constant-condition"
"C:\Users\Windows\Desktop\ASE\SIIS\public\draco\draco_decoder.js","12","267659","error","Unexpected constant condition","no-constant-condition"
"C:\Users\Windows\Desktop\ASE\SIIS\public\draco\draco_decoder.js","12","267972","error","Unexpected constant condition","no-constant-condition"
"C:\Users\Windows\Desktop\ASE\SIIS\public\draco\draco_decoder.js","12","268285","error","Unexpected constant condition","no-constant-condition"
"C:\Users\Windows\Desktop\ASE\SIIS\public\draco\draco_decoder.js","12","268599","error","Unexpected constant condition","no-constant-condition"
"C:\Users\Windows\Desktop\ASE\SIIS\public\draco\draco_decoder.js","12","268938","error","Unexpected constant condition","no-constant-condition"
"C:\Users\Windows\Desktop\ASE\SIIS\public\draco\draco_decoder.js","12","269286","error","Unexpected constant condition","no-constant-condition"
"C:\Users\Windows\Desktop\ASE\SIIS\public\draco\draco_decoder.js","12","269628","error","Unexpected constant condition","no-constant-condition"
"C:\Users\Windows\Desktop\ASE\SIIS\public\draco\draco_decoder.js","12","270021","error","Unexpected constant condition","no-constant-condition"
"C:\Users\Windows\Desktop\ASE\SIIS\public\draco\draco_decoder.js","12","270457","error","Unexpected constant condition","no-constant-condition"
"C:\Users\Windows\Desktop\ASE\SIIS\public\draco\draco_decoder.js","12","270763","error","Unexpected constant condition","no-constant-condition"
"C:\Users\Windows\Desktop\ASE\SIIS\public\draco\draco_decoder.js","12","271354","error","Unexpected constant condition","no-constant-condition"
"C:\Users\Windows\Desktop\ASE\SIIS\public\draco\draco_decoder.js","12","271645","error","Unexpected constant condition","no-constant-condition"
"C:\Users\Windows\Desktop\ASE\SIIS\public\draco\draco_decoder.js","12","272166","error","Unexpected constant condition","no-constant-condition"
"C:\Users\Windows\Desktop\ASE\SIIS\public\draco\draco_decoder.js","12","272671","error","Unexpected constant condition","no-constant-condition"
"C:\Users\Windows\Desktop\ASE\SIIS\public\draco\draco_decoder.js","12","272984","error","Unexpected constant condition","no-constant-condition"
"C:\Users\Windows\Desktop\ASE\SIIS\public\draco\draco_decoder.js","12","273297","error","Unexpected constant condition","no-constant-condition"
"C:\Users\Windows\Desktop\ASE\SIIS\public\draco\draco_decoder.js","12","273611","error","Unexpected constant condition","no-constant-condition"
"C:\Users\Windows\Desktop\ASE\SIIS\public\draco\draco_decoder.js","12","273925","error","Unexpected constant condition","no-constant-condition"
"C:\Users\Windows\Desktop\ASE\SIIS\public\draco\draco_decoder.js","12","274239","error","Unexpected constant condition","no-constant-condition"
"C:\Users\Windows\Desktop\ASE\SIIS\public\draco\draco_decoder.js","12","274578","error","Unexpected constant condition","no-constant-condition"
"C:\Users\Windows\Desktop\ASE\SIIS\public\draco\draco_decoder.js","12","274958","error","Unexpected constant condition","no-constant-condition"
"C:\Users\Windows\Desktop\ASE\SIIS\public\draco\draco_decoder.js","12","275399","error","Unexpected constant condition","no-constant-condition"
"C:\Users\Windows\Desktop\ASE\SIIS\public\draco\draco_decoder.js","12","275715","error","Unexpected constant condition","no-constant-condition"
"C:\Users\Windows\Desktop\ASE\SIIS\public\draco\draco_decoder.js","12","276321","error","Unexpected constant condition","no-constant-condition"
"C:\Users\Windows\Desktop\ASE\SIIS\public\draco\draco_decoder.js","12","276622","error","Unexpected constant condition","no-constant-condition"
"C:\Users\Windows\Desktop\ASE\SIIS\public\draco\draco_decoder.js","12","277158","error","Unexpected constant condition","no-constant-condition"
"C:\Users\Windows\Desktop\ASE\SIIS\public\draco\draco_decoder.js","12","277652","error","Unexpected constant condition","no-constant-condition"
"C:\Users\Windows\Desktop\ASE\SIIS\public\draco\draco_decoder.js","12","277994","error","Unexpected constant condition","no-constant-condition"
"C:\Users\Windows\Desktop\ASE\SIIS\public\draco\draco_decoder.js","12","278307","error","Unexpected constant condition","no-constant-condition"
"C:\Users\Windows\Desktop\ASE\SIIS\public\draco\draco_decoder.js","12","278646","error","Unexpected constant condition","no-constant-condition"
"C:\Users\Windows\Desktop\ASE\SIIS\public\draco\draco_decoder.js","12","278960","error","Unexpected constant condition","no-constant-condition"
"C:\Users\Windows\Desktop\ASE\SIIS\public\draco\draco_decoder.js","12","279302","error","Unexpected constant condition","no-constant-condition"
"C:\Users\Windows\Desktop\ASE\SIIS\public\draco\draco_decoder.js","12","279644","error","Unexpected constant condition","no-constant-condition"
"C:\Users\Windows\Desktop\ASE\SIIS\public\draco\draco_decoder.js","12","280003","error","Unexpected constant condition","no-constant-condition"
"C:\Users\Windows\Desktop\ASE\SIIS\public\draco\draco_decoder.js","12","280439","error","Unexpected constant condition","no-constant-condition"
"C:\Users\Windows\Desktop\ASE\SIIS\public\draco\draco_decoder.js","12","280728","error","Unexpected constant condition","no-constant-condition"
"C:\Users\Windows\Desktop\ASE\SIIS\public\draco\draco_decoder.js","12","281303","error","Unexpected constant condition","no-constant-condition"
"C:\Users\Windows\Desktop\ASE\SIIS\public\draco\draco_decoder.js","12","281574","error","Unexpected constant condition","no-constant-condition"
"C:\Users\Windows\Desktop\ASE\SIIS\public\draco\draco_decoder.js","12","282082","error","Unexpected constant condition","no-constant-condition"
"C:\Users\Windows\Desktop\ASE\SIIS\public\draco\draco_decoder.js","12","282587","error","Unexpected constant condition","no-constant-condition"
"C:\Users\Windows\Desktop\ASE\SIIS\public\draco\draco_decoder.js","12","282949","error","Unexpected constant condition","no-constant-condition"
"C:\Users\Windows\Desktop\ASE\SIIS\public\draco\draco_decoder.js","12","283303","error","Unexpected constant condition","no-constant-condition"
"C:\Users\Windows\Desktop\ASE\SIIS\public\draco\draco_decoder.js","12","283666","error","Unexpected constant condition","no-constant-condition"
"C:\Users\Windows\Desktop\ASE\SIIS\public\draco\draco_decoder.js","12","284021","error","Unexpected constant condition","no-constant-condition"
"C:\Users\Windows\Desktop\ASE\SIIS\public\draco\draco_decoder.js","12","284384","error","Unexpected constant condition","no-constant-condition"
"C:\Users\Windows\Desktop\ASE\SIIS\public\draco\draco_decoder.js","12","284739","error","Unexpected constant condition","no-constant-condition"
"C:\Users\Windows\Desktop\ASE\SIIS\public\draco\draco_decoder.js","12","285106","error","Unexpected constant condition","no-constant-condition"
"C:\Users\Windows\Desktop\ASE\SIIS\public\draco\draco_decoder.js","12","285572","error","Unexpected constant condition","no-constant-condition"
"C:\Users\Windows\Desktop\ASE\SIIS\public\draco\draco_decoder.js","12","286329","error","Unexpected constant condition","no-constant-condition"
"C:\Users\Windows\Desktop\ASE\SIIS\public\draco\draco_decoder.js","12","286988","error","Unexpected constant condition","no-constant-condition"
"C:\Users\Windows\Desktop\ASE\SIIS\public\draco\draco_decoder.js","12","287590","error","Unexpected constant condition","no-constant-condition"
"C:\Users\Windows\Desktop\ASE\SIIS\public\draco\draco_decoder.js","12","287614","error","Unexpected constant condition","no-constant-condition"
"C:\Users\Windows\Desktop\ASE\SIIS\public\draco\draco_decoder.js","12","287790","error","Unexpected constant condition","no-constant-condition"
"C:\Users\Windows\Desktop\ASE\SIIS\public\draco\draco_decoder.js","12","287997","error","Unexpected constant condition","no-constant-condition"
"C:\Users\Windows\Desktop\ASE\SIIS\public\draco\draco_decoder.js","12","288332","error","Unexpected constant condition","no-constant-condition"
"C:\Users\Windows\Desktop\ASE\SIIS\public\draco\draco_decoder.js","12","288356","error","Unexpected constant condition","no-constant-condition"
"C:\Users\Windows\Desktop\ASE\SIIS\public\draco\draco_decoder.js","12","288532","error","Unexpected constant condition","no-constant-condition"
"C:\Users\Windows\Desktop\ASE\SIIS\public\draco\draco_decoder.js","12","288739","error","Unexpected constant condition","no-constant-condition"
"C:\Users\Windows\Desktop\ASE\SIIS\public\draco\draco_decoder.js","12","289081","error","Unexpected constant condition","no-constant-condition"
"C:\Users\Windows\Desktop\ASE\SIIS\public\draco\draco_decoder.js","12","289105","error","Unexpected constant condition","no-constant-condition"
"C:\Users\Windows\Desktop\ASE\SIIS\public\draco\draco_decoder.js","12","289292","error","Unexpected constant condition","no-constant-condition"
"C:\Users\Windows\Desktop\ASE\SIIS\public\draco\draco_decoder.js","12","289505","error","Unexpected constant condition","no-constant-condition"
"C:\Users\Windows\Desktop\ASE\SIIS\public\draco\draco_decoder.js","12","289847","error","Unexpected constant condition","no-constant-condition"
"C:\Users\Windows\Desktop\ASE\SIIS\public\draco\draco_decoder.js","12","289871","error","Unexpected constant condition","no-constant-condition"
"C:\Users\Windows\Desktop\ASE\SIIS\public\draco\draco_decoder.js","12","290058","error","Unexpected constant condition","no-constant-condition"
"C:\Users\Windows\Desktop\ASE\SIIS\public\draco\draco_decoder.js","12","290271","error","Unexpected constant condition","no-constant-condition"
"C:\Users\Windows\Desktop\ASE\SIIS\public\draco\draco_decoder.js","12","290613","error","Unexpected constant condition","no-constant-condition"
"C:\Users\Windows\Desktop\ASE\SIIS\public\draco\draco_decoder.js","12","290637","error","Unexpected constant condition","no-constant-condition"
"C:\Users\Windows\Desktop\ASE\SIIS\public\draco\draco_decoder.js","12","290825","error","Unexpected constant condition","no-constant-condition"
"C:\Users\Windows\Desktop\ASE\SIIS\public\draco\draco_decoder.js","12","291038","error","Unexpected constant condition","no-constant-condition"
"C:\Users\Windows\Desktop\ASE\SIIS\public\draco\draco_decoder.js","12","291380","error","Unexpected constant condition","no-constant-condition"
"C:\Users\Windows\Desktop\ASE\SIIS\public\draco\draco_decoder.js","12","291404","error","Unexpected constant condition","no-constant-condition"
"C:\Users\Windows\Desktop\ASE\SIIS\public\draco\draco_decoder.js","12","291592","error","Unexpected constant condition","no-constant-condition"
"C:\Users\Windows\Desktop\ASE\SIIS\public\draco\draco_decoder.js","12","291805","error","Unexpected constant condition","no-constant-condition"
"C:\Users\Windows\Desktop\ASE\SIIS\public\draco\draco_decoder.js","12","292277","error","Unexpected constant condition","no-constant-condition"
"C:\Users\Windows\Desktop\ASE\SIIS\public\draco\draco_decoder.js","12","292590","error","Unexpected constant condition","no-constant-condition"
"C:\Users\Windows\Desktop\ASE\SIIS\public\draco\draco_decoder.js","12","292903","error","Unexpected constant condition","no-constant-condition"
"C:\Users\Windows\Desktop\ASE\SIIS\public\draco\draco_decoder.js","12","293217","error","Unexpected constant condition","no-constant-condition"
"C:\Users\Windows\Desktop\ASE\SIIS\public\draco\draco_decoder.js","12","293531","error","Unexpected constant condition","no-constant-condition"
"C:\Users\Windows\Desktop\ASE\SIIS\public\draco\draco_decoder.js","12","293845","error","Unexpected constant condition","no-constant-condition"
"C:\Users\Windows\Desktop\ASE\SIIS\public\draco\draco_decoder.js","12","294159","error","Unexpected constant condition","no-constant-condition"
"C:\Users\Windows\Desktop\ASE\SIIS\public\draco\draco_decoder.js","12","294499","error","Unexpected constant condition","no-constant-condition"
"C:\Users\Windows\Desktop\ASE\SIIS\public\draco\draco_decoder.js","12","294916","error","Unexpected constant condition","no-constant-condition"
"C:\Users\Windows\Desktop\ASE\SIIS\public\draco\draco_decoder.js","12","295210","error","Unexpected constant condition","no-constant-condition"
"C:\Users\Windows\Desktop\ASE\SIIS\public\draco\draco_decoder.js","12","295795","error","Unexpected constant condition","no-constant-condition"
"C:\Users\Windows\Desktop\ASE\SIIS\public\draco\draco_decoder.js","12","296071","error","Unexpected constant condition","no-constant-condition"
"C:\Users\Windows\Desktop\ASE\SIIS\public\draco\draco_decoder.js","12","296589","error","Unexpected constant condition","no-constant-condition"
"C:\Users\Windows\Desktop\ASE\SIIS\public\draco\draco_decoder.js","12","297237","error","Unexpected constant condition","no-constant-condition"
"C:\Users\Windows\Desktop\ASE\SIIS\public\draco\draco_decoder.js","12","298083","error","Unexpected constant condition","no-constant-condition"
"C:\Users\Windows\Desktop\ASE\SIIS\public\draco\draco_decoder.js","12","298322","error","Unexpected constant condition","no-constant-condition"
"C:\Users\Windows\Desktop\ASE\SIIS\public\draco\draco_decoder.js","12","298903","error","Unexpected constant condition","no-constant-condition"
"C:\Users\Windows\Desktop\ASE\SIIS\public\draco\draco_decoder.js","12","299344","error","Unexpected constant condition","no-constant-condition"
"C:\Users\Windows\Desktop\ASE\SIIS\public\draco\draco_decoder.js","12","300507","error","Unexpected constant condition","no-constant-condition"
"C:\Users\Windows\Desktop\ASE\SIIS\public\draco\draco_decoder.js","12","301248","error","Unexpected constant condition","no-constant-condition"
"C:\Users\Windows\Desktop\ASE\SIIS\public\draco\draco_decoder.js","12","305927","error","Unexpected constant condition","no-constant-condition"
"C:\Users\Windows\Desktop\ASE\SIIS\public\draco\draco_decoder.js","12","306412","error","Unexpected constant condition","no-constant-condition"
"C:\Users\Windows\Desktop\ASE\SIIS\public\draco\draco_decoder.js","12","306450","error","Unexpected constant condition","no-constant-condition"
"C:\Users\Windows\Desktop\ASE\SIIS\public\draco\draco_decoder.js","12","306482","error","Unexpected constant condition","no-constant-condition"
"C:\Users\Windows\Desktop\ASE\SIIS\public\draco\draco_decoder.js","12","311263","error","Unexpected constant condition","no-constant-condition"
"C:\Users\Windows\Desktop\ASE\SIIS\public\draco\draco_decoder.js","12","311866","error","Unexpected constant condition","no-constant-condition"
"C:\Users\Windows\Desktop\ASE\SIIS\public\draco\draco_decoder.js","12","312529","error","Unexpected constant condition","no-constant-condition"
"C:\Users\Windows\Desktop\ASE\SIIS\public\draco\draco_decoder.js","12","313973","error","Unexpected constant condition","no-constant-condition"
"C:\Users\Windows\Desktop\ASE\SIIS\public\draco\draco_decoder.js","12","314449","error","Unexpected constant condition","no-constant-condition"
"C:\Users\Windows\Desktop\ASE\SIIS\public\draco\draco_decoder.js","12","315378","error","Unexpected constant condition","no-constant-condition"
"C:\Users\Windows\Desktop\ASE\SIIS\public\draco\draco_decoder.js","12","315751","error","Unexpected constant condition","no-constant-condition"
"C:\Users\Windows\Desktop\ASE\SIIS\public\draco\draco_decoder.js","12","316124","error","Unexpected constant condition","no-constant-condition"
"C:\Users\Windows\Desktop\ASE\SIIS\public\draco\draco_decoder.js","12","316500","error","Unexpected constant condition","no-constant-condition"
"C:\Users\Windows\Desktop\ASE\SIIS\public\draco\draco_decoder.js","12","316876","error","Unexpected constant condition","no-constant-condition"
"C:\Users\Windows\Desktop\ASE\SIIS\public\draco\draco_decoder.js","12","317268","error","Unexpected constant condition","no-constant-condition"
"C:\Users\Windows\Desktop\ASE\SIIS\public\draco\draco_decoder.js","12","317661","error","Unexpected constant condition","no-constant-condition"
"C:\Users\Windows\Desktop\ASE\SIIS\public\draco\draco_decoder.js","12","318077","error","Unexpected constant condition","no-constant-condition"
"C:\Users\Windows\Desktop\ASE\SIIS\public\draco\draco_decoder.js","12","318481","error","Unexpected constant condition","no-constant-condition"
"C:\Users\Windows\Desktop\ASE\SIIS\public\draco\draco_decoder.js","12","318822","error","Unexpected constant condition","no-constant-condition"
"C:\Users\Windows\Desktop\ASE\SIIS\public\draco\draco_decoder.js","12","319151","error","'k' is assigned a value but never used. Allowed unused vars must match /^[A-Z_]/u","no-unused-vars"
"C:\Users\Windows\Desktop\ASE\SIIS\public\draco\draco_decoder.js","12","319189","error","Unexpected constant condition","no-constant-condition"
"C:\Users\Windows\Desktop\ASE\SIIS\public\draco\draco_decoder.js","12","319651","error","Unexpected constant condition","no-constant-condition"
"C:\Users\Windows\Desktop\ASE\SIIS\public\draco\draco_decoder.js","12","319952","error","Unexpected constant condition","no-constant-condition"
"C:\Users\Windows\Desktop\ASE\SIIS\public\draco\draco_decoder.js","12","320278","error","Unexpected constant condition","no-constant-condition"
"C:\Users\Windows\Desktop\ASE\SIIS\public\draco\draco_decoder.js","12","320618","error","Unexpected constant condition","no-constant-condition"
"C:\Users\Windows\Desktop\ASE\SIIS\public\draco\draco_decoder.js","12","320946","error","Unexpected constant condition","no-constant-condition"
"C:\Users\Windows\Desktop\ASE\SIIS\public\draco\draco_decoder.js","12","321278","error","Unexpected constant condition","no-constant-condition"
"C:\Users\Windows\Desktop\ASE\SIIS\public\draco\draco_decoder.js","12","321606","error","Unexpected constant condition","no-constant-condition"
"C:\Users\Windows\Desktop\ASE\SIIS\public\draco\draco_decoder.js","12","321981","error","Unexpected constant condition","no-constant-condition"
"C:\Users\Windows\Desktop\ASE\SIIS\public\draco\draco_decoder.js","12","322329","error","Unexpected constant condition","no-constant-condition"
"C:\Users\Windows\Desktop\ASE\SIIS\public\draco\draco_decoder.js","12","322899","error","Unexpected constant condition","no-constant-condition"
"C:\Users\Windows\Desktop\ASE\SIIS\public\draco\draco_decoder.js","12","323384","error","Unexpected constant condition","no-constant-condition"
"C:\Users\Windows\Desktop\ASE\SIIS\public\draco\draco_decoder.js","12","323850","error","Unexpected constant condition","no-constant-condition"
"C:\Users\Windows\Desktop\ASE\SIIS\public\draco\draco_decoder.js","12","324176","error","Unexpected constant condition","no-constant-condition"
"C:\Users\Windows\Desktop\ASE\SIIS\public\draco\draco_decoder.js","12","324477","error","Unexpected constant condition","no-constant-condition"
"C:\Users\Windows\Desktop\ASE\SIIS\public\draco\draco_decoder.js","12","324805","error","Unexpected constant condition","no-constant-condition"
"C:\Users\Windows\Desktop\ASE\SIIS\public\draco\draco_decoder.js","12","325133","error","Unexpected constant condition","no-constant-condition"
"C:\Users\Windows\Desktop\ASE\SIIS\public\draco\draco_decoder.js","12","325461","error","Unexpected constant condition","no-constant-condition"
"C:\Users\Windows\Desktop\ASE\SIIS\public\draco\draco_decoder.js","12","325789","error","Unexpected constant condition","no-constant-condition"
"C:\Users\Windows\Desktop\ASE\SIIS\public\draco\draco_decoder.js","12","326134","error","Unexpected constant condition","no-constant-condition"
"C:\Users\Windows\Desktop\ASE\SIIS\public\draco\draco_decoder.js","12","326482","error","Unexpected constant condition","no-constant-condition"
"C:\Users\Windows\Desktop\ASE\SIIS\public\draco\draco_decoder.js","12","327036","error","Unexpected constant condition","no-constant-condition"
"C:\Users\Windows\Desktop\ASE\SIIS\public\draco\draco_decoder.js","12","327510","error","Unexpected constant condition","no-constant-condition"
"C:\Users\Windows\Desktop\ASE\SIIS\public\draco\draco_decoder.js","12","328905","error","Unexpected constant condition","no-constant-condition"
"C:\Users\Windows\Desktop\ASE\SIIS\public\draco\draco_decoder.js","12","329343","error","Unexpected constant condition","no-constant-condition"
"C:\Users\Windows\Desktop\ASE\SIIS\public\draco\draco_decoder.js","12","330007","error","Unexpected constant condition","no-constant-condition"
"C:\Users\Windows\Desktop\ASE\SIIS\public\draco\draco_decoder.js","12","330763","error","Unexpected constant condition","no-constant-condition"
"C:\Users\Windows\Desktop\ASE\SIIS\public\draco\draco_decoder.js","12","331084","error","Unexpected constant condition","no-constant-condition"
"C:\Users\Windows\Desktop\ASE\SIIS\public\draco\draco_decoder.js","12","332112","error","Unexpected constant condition","no-constant-condition"
"C:\Users\Windows\Desktop\ASE\SIIS\public\draco\draco_decoder.js","12","332579","error","Unexpected constant condition","no-constant-condition"
"C:\Users\Windows\Desktop\ASE\SIIS\public\draco\draco_decoder.js","12","332724","error","Unexpected constant condition","no-constant-condition"
"C:\Users\Windows\Desktop\ASE\SIIS\public\draco\draco_decoder.js","12","333076","error","Unexpected constant condition","no-constant-condition"
"C:\Users\Windows\Desktop\ASE\SIIS\public\draco\draco_decoder.js","12","333250","error","Unexpected constant condition","no-constant-condition"
"C:\Users\Windows\Desktop\ASE\SIIS\public\draco\draco_decoder.js","12","333699","error","Unexpected constant condition","no-constant-condition"
"C:\Users\Windows\Desktop\ASE\SIIS\public\draco\draco_decoder.js","12","333873","error","Unexpected constant condition","no-constant-condition"
"C:\Users\Windows\Desktop\ASE\SIIS\public\draco\draco_decoder.js","12","335312","error","Unexpected constant condition","no-constant-condition"
"C:\Users\Windows\Desktop\ASE\SIIS\public\draco\draco_decoder.js","12","335465","error","Unexpected constant condition","no-constant-condition"
"C:\Users\Windows\Desktop\ASE\SIIS\public\draco\draco_decoder.js","12","335517","error","Unexpected constant condition","no-constant-condition"
"C:\Users\Windows\Desktop\ASE\SIIS\public\draco\draco_decoder.js","12","336936","error","Unexpected constant condition","no-constant-condition"
"C:\Users\Windows\Desktop\ASE\SIIS\public\draco\draco_decoder.js","12","337235","error","Unexpected constant condition","no-constant-condition"
"C:\Users\Windows\Desktop\ASE\SIIS\public\draco\draco_decoder.js","12","337774","error","Unexpected constant condition","no-constant-condition"
"C:\Users\Windows\Desktop\ASE\SIIS\public\draco\draco_decoder.js","12","337933","error","Unexpected constant condition","no-constant-condition"
"C:\Users\Windows\Desktop\ASE\SIIS\public\draco\draco_decoder.js","12","338031","error","Unexpected constant condition","no-constant-condition"
"C:\Users\Windows\Desktop\ASE\SIIS\public\draco\draco_decoder.js","12","339464","error","Unexpected constant condition","no-constant-condition"
"C:\Users\Windows\Desktop\ASE\SIIS\public\draco\draco_decoder.js","12","339502","error","Unexpected constant condition","no-constant-condition"
"C:\Users\Windows\Desktop\ASE\SIIS\public\draco\draco_decoder.js","12","344417","error","Unexpected constant condition","no-constant-condition"
"C:\Users\Windows\Desktop\ASE\SIIS\public\draco\draco_decoder.js","12","348179","error","Unexpected constant condition","no-constant-condition"
"C:\Users\Windows\Desktop\ASE\SIIS\public\draco\draco_decoder.js","12","348400","error","Unexpected constant condition","no-constant-condition"
"C:\Users\Windows\Desktop\ASE\SIIS\public\draco\draco_decoder.js","12","348754","error","Unexpected constant condition","no-constant-condition"
"C:\Users\Windows\Desktop\ASE\SIIS\public\draco\draco_decoder.js","12","348886","error","Unexpected constant condition","no-constant-condition"
"C:\Users\Windows\Desktop\ASE\SIIS\public\draco\draco_decoder.js","12","349292","error","Unexpected constant condition","no-constant-condition"
"C:\Users\Windows\Desktop\ASE\SIIS\public\draco\draco_decoder.js","12","349610","error","Unexpected constant condition","no-constant-condition"
"C:\Users\Windows\Desktop\ASE\SIIS\public\draco\draco_decoder.js","12","349845","error","Unexpected constant condition","no-constant-condition"
"C:\Users\Windows\Desktop\ASE\SIIS\public\draco\draco_decoder.js","12","350284","error","Unexpected constant condition","no-constant-condition"
"C:\Users\Windows\Desktop\ASE\SIIS\public\draco\draco_decoder.js","12","350514","error","Unexpected constant condition","no-constant-condition"
"C:\Users\Windows\Desktop\ASE\SIIS\public\draco\draco_decoder.js","12","350758","error","Unexpected constant condition","no-constant-condition"
"C:\Users\Windows\Desktop\ASE\SIIS\public\draco\draco_decoder.js","12","351035","error","Unexpected constant condition","no-constant-condition"
"C:\Users\Windows\Desktop\ASE\SIIS\public\draco\draco_decoder.js","12","351279","error","Unexpected constant condition","no-constant-condition"
"C:\Users\Windows\Desktop\ASE\SIIS\public\draco\draco_decoder.js","12","351972","error","Unexpected constant condition","no-constant-condition"
"C:\Users\Windows\Desktop\ASE\SIIS\public\draco\draco_decoder.js","12","352193","error","Unexpected constant condition","no-constant-condition"
"C:\Users\Windows\Desktop\ASE\SIIS\public\draco\draco_decoder.js","12","352547","error","Unexpected constant condition","no-constant-condition"
"C:\Users\Windows\Desktop\ASE\SIIS\public\draco\draco_decoder.js","12","352682","error","Unexpected constant condition","no-constant-condition"
"C:\Users\Windows\Desktop\ASE\SIIS\public\draco\draco_decoder.js","12","353112","error","Unexpected constant condition","no-constant-condition"
"C:\Users\Windows\Desktop\ASE\SIIS\public\draco\draco_decoder.js","12","353430","error","Unexpected constant condition","no-constant-condition"
"C:\Users\Windows\Desktop\ASE\SIIS\public\draco\draco_decoder.js","12","353665","error","Unexpected constant condition","no-constant-condition"
"C:\Users\Windows\Desktop\ASE\SIIS\public\draco\draco_decoder.js","12","354037","error","Unexpected constant condition","no-constant-condition"
"C:\Users\Windows\Desktop\ASE\SIIS\public\draco\draco_decoder.js","12","354267","error","Unexpected constant condition","no-constant-condition"
"C:\Users\Windows\Desktop\ASE\SIIS\public\draco\draco_decoder.js","12","354511","error","Unexpected constant condition","no-constant-condition"
"C:\Users\Windows\Desktop\ASE\SIIS\public\draco\draco_decoder.js","12","354788","error","Unexpected constant condition","no-constant-condition"
"C:\Users\Windows\Desktop\ASE\SIIS\public\draco\draco_decoder.js","12","355032","error","Unexpected constant condition","no-constant-condition"
"C:\Users\Windows\Desktop\ASE\SIIS\public\draco\draco_decoder.js","12","355849","error","Unexpected constant condition","no-constant-condition"
"C:\Users\Windows\Desktop\ASE\SIIS\public\draco\draco_decoder.js","12","355960","error","Unexpected constant condition","no-constant-condition"
"C:\Users\Windows\Desktop\ASE\SIIS\public\draco\draco_decoder.js","12","356820","error","Unexpected constant condition","no-constant-condition"
"C:\Users\Windows\Desktop\ASE\SIIS\public\draco\draco_decoder.js","12","356931","error","Unexpected constant condition","no-constant-condition"
"C:\Users\Windows\Desktop\ASE\SIIS\public\draco\draco_decoder.js","12","357742","error","Unexpected constant condition","no-constant-condition"
"C:\Users\Windows\Desktop\ASE\SIIS\public\draco\draco_decoder.js","12","357853","error","Unexpected constant condition","no-constant-condition"
"C:\Users\Windows\Desktop\ASE\SIIS\public\draco\draco_decoder.js","12","358647","error","Unexpected constant condition","no-constant-condition"
"C:\Users\Windows\Desktop\ASE\SIIS\public\draco\draco_decoder.js","12","359496","error","Unexpected constant condition","no-constant-condition"
"C:\Users\Windows\Desktop\ASE\SIIS\public\draco\draco_decoder.js","12","361725","error","Unexpected constant condition","no-constant-condition"
"C:\Users\Windows\Desktop\ASE\SIIS\public\draco\draco_decoder.js","12","361871","error","Unexpected constant condition","no-constant-condition"
"C:\Users\Windows\Desktop\ASE\SIIS\public\draco\draco_decoder.js","12","362059","error","Unexpected constant condition","no-constant-condition"
"C:\Users\Windows\Desktop\ASE\SIIS\public\draco\draco_decoder.js","12","362303","error","Unexpected constant condition","no-constant-condition"
"C:\Users\Windows\Desktop\ASE\SIIS\public\draco\draco_decoder.js","12","363073","error","Unexpected constant condition","no-constant-condition"
"C:\Users\Windows\Desktop\ASE\SIIS\public\draco\draco_decoder.js","12","365301","error","Unexpected constant condition","no-constant-condition"
"C:\Users\Windows\Desktop\ASE\SIIS\public\draco\draco_decoder.js","12","365447","error","Unexpected constant condition","no-constant-condition"
"C:\Users\Windows\Desktop\ASE\SIIS\public\draco\draco_decoder.js","12","365631","error","Unexpected constant condition","no-constant-condition"
"C:\Users\Windows\Desktop\ASE\SIIS\public\draco\draco_decoder.js","12","365875","error","Unexpected constant condition","no-constant-condition"
"C:\Users\Windows\Desktop\ASE\SIIS\public\draco\draco_decoder.js","12","366759","error","Unexpected constant condition","no-constant-condition"
"C:\Users\Windows\Desktop\ASE\SIIS\public\draco\draco_decoder.js","12","367265","error","Unexpected constant condition","no-constant-condition"
"C:\Users\Windows\Desktop\ASE\SIIS\public\draco\draco_decoder.js","12","368011","error","Unexpected constant condition","no-constant-condition"
"C:\Users\Windows\Desktop\ASE\SIIS\public\draco\draco_decoder.js","12","368188","error","Unexpected constant condition","no-constant-condition"
"C:\Users\Windows\Desktop\ASE\SIIS\public\draco\draco_decoder.js","12","373347","error","Unexpected constant condition","no-constant-condition"
"C:\Users\Windows\Desktop\ASE\SIIS\public\draco\draco_decoder.js","12","373434","error","Unexpected constant condition","no-constant-condition"
"C:\Users\Windows\Desktop\ASE\SIIS\public\draco\draco_decoder.js","12","373964","error","Unexpected constant condition","no-constant-condition"
"C:\Users\Windows\Desktop\ASE\SIIS\public\draco\draco_decoder.js","12","374038","error","Unexpected constant condition","no-constant-condition"
"C:\Users\Windows\Desktop\ASE\SIIS\public\draco\draco_decoder.js","12","374923","error","Unexpected constant condition","no-constant-condition"
"C:\Users\Windows\Desktop\ASE\SIIS\public\draco\draco_decoder.js","12","375010","error","Unexpected constant condition","no-constant-condition"
"C:\Users\Windows\Desktop\ASE\SIIS\public\draco\draco_decoder.js","12","375557","error","Unexpected constant condition","no-constant-condition"
"C:\Users\Windows\Desktop\ASE\SIIS\public\draco\draco_decoder.js","12","375657","error","Unexpected constant condition","no-constant-condition"
"C:\Users\Windows\Desktop\ASE\SIIS\public\draco\draco_decoder.js","12","376390","error","Unexpected constant condition","no-constant-condition"
"C:\Users\Windows\Desktop\ASE\SIIS\public\draco\draco_decoder.js","12","376505","error","Unexpected constant condition","no-constant-condition"
"C:\Users\Windows\Desktop\ASE\SIIS\public\draco\draco_decoder.js","12","376881","error","Unexpected constant condition","no-constant-condition"
"C:\Users\Windows\Desktop\ASE\SIIS\public\draco\draco_decoder.js","12","376989","error","Unexpected constant condition","no-constant-condition"
"C:\Users\Windows\Desktop\ASE\SIIS\public\draco\draco_decoder.js","12","377195","error","Unexpected constant condition","no-constant-condition"
"C:\Users\Windows\Desktop\ASE\SIIS\public\draco\draco_decoder.js","12","378889","error","Unexpected constant condition","no-constant-condition"
"C:\Users\Windows\Desktop\ASE\SIIS\public\draco\draco_decoder.js","12","379198","error","Unexpected constant condition","no-constant-condition"
"C:\Users\Windows\Desktop\ASE\SIIS\public\draco\draco_decoder.js","12","382769","error","Unexpected constant condition","no-constant-condition"
"C:\Users\Windows\Desktop\ASE\SIIS\public\draco\draco_decoder.js","12","383126","error","Unexpected constant condition","no-constant-condition"
"C:\Users\Windows\Desktop\ASE\SIIS\public\draco\draco_decoder.js","12","383551","error","Unexpected constant condition","no-constant-condition"
"C:\Users\Windows\Desktop\ASE\SIIS\public\draco\draco_decoder.js","12","384125","error","Unexpected constant condition","no-constant-condition"
"C:\Users\Windows\Desktop\ASE\SIIS\public\draco\draco_decoder.js","12","384483","error","Unexpected constant condition","no-constant-condition"
"C:\Users\Windows\Desktop\ASE\SIIS\public\draco\draco_decoder.js","12","384862","error","Unexpected constant condition","no-constant-condition"
"C:\Users\Windows\Desktop\ASE\SIIS\public\draco\draco_decoder.js","12","385309","error","Unexpected constant condition","no-constant-condition"
"C:\Users\Windows\Desktop\ASE\SIIS\public\draco\draco_decoder.js","12","389553","error","Unexpected constant condition","no-constant-condition"
"C:\Users\Windows\Desktop\ASE\SIIS\public\draco\draco_decoder.js","12","392230","error","Unexpected constant condition","no-constant-condition"
"C:\Users\Windows\Desktop\ASE\SIIS\public\draco\draco_decoder.js","12","392369","error","Unexpected constant condition","no-constant-condition"
"C:\Users\Windows\Desktop\ASE\SIIS\public\draco\draco_decoder.js","12","392553","error","Unexpected constant condition","no-constant-condition"
"C:\Users\Windows\Desktop\ASE\SIIS\public\draco\draco_decoder.js","12","392628","error","Unexpected constant condition","no-constant-condition"
"C:\Users\Windows\Desktop\ASE\SIIS\public\draco\draco_decoder.js","12","392805","error","Unexpected constant condition","no-constant-condition"
"C:\Users\Windows\Desktop\ASE\SIIS\public\draco\draco_decoder.js","12","393078","error","Unexpected constant condition","no-constant-condition"
"C:\Users\Windows\Desktop\ASE\SIIS\public\draco\draco_decoder.js","12","393346","error","Unexpected constant condition","no-constant-condition"
"C:\Users\Windows\Desktop\ASE\SIIS\public\draco\draco_decoder.js","12","393700","error","Unexpected constant condition","no-constant-condition"
"C:\Users\Windows\Desktop\ASE\SIIS\public\draco\draco_decoder.js","12","394054","error","Unexpected constant condition","no-constant-condition"
"C:\Users\Windows\Desktop\ASE\SIIS\public\draco\draco_decoder.js","12","394408","error","Unexpected constant condition","no-constant-condition"
"C:\Users\Windows\Desktop\ASE\SIIS\public\draco\draco_decoder.js","12","394759","error","Unexpected constant condition","no-constant-condition"
"C:\Users\Windows\Desktop\ASE\SIIS\public\draco\draco_decoder.js","12","395537","error","Unexpected constant condition","no-constant-condition"
"C:\Users\Windows\Desktop\ASE\SIIS\public\draco\draco_decoder.js","12","396644","error","Unexpected constant condition","no-constant-condition"
"C:\Users\Windows\Desktop\ASE\SIIS\public\draco\draco_decoder.js","12","397567","error","Unexpected constant condition","no-constant-condition"
"C:\Users\Windows\Desktop\ASE\SIIS\public\draco\draco_decoder.js","12","398234","error","Unexpected constant condition","no-constant-condition"
"C:\Users\Windows\Desktop\ASE\SIIS\public\draco\draco_decoder.js","12","398455","error","Unexpected constant condition","no-constant-condition"
"C:\Users\Windows\Desktop\ASE\SIIS\public\draco\draco_decoder.js","12","398762","error","Unexpected constant condition","no-constant-condition"
"C:\Users\Windows\Desktop\ASE\SIIS\public\draco\draco_decoder.js","12","399283","error","Unexpected constant condition","no-constant-condition"
"C:\Users\Windows\Desktop\ASE\SIIS\public\draco\draco_decoder.js","12","399607","error","Unexpected constant condition","no-constant-condition"
"C:\Users\Windows\Desktop\ASE\SIIS\public\draco\draco_decoder.js","12","399851","error","Unexpected constant condition","no-constant-condition"
"C:\Users\Windows\Desktop\ASE\SIIS\public\draco\draco_decoder.js","12","400137","error","Unexpected constant condition","no-constant-condition"
"C:\Users\Windows\Desktop\ASE\SIIS\public\draco\draco_decoder.js","12","400381","error","Unexpected constant condition","no-constant-condition"
"C:\Users\Windows\Desktop\ASE\SIIS\public\draco\draco_decoder.js","12","401351","error","Unexpected constant condition","no-constant-condition"
"C:\Users\Windows\Desktop\ASE\SIIS\public\draco\draco_decoder.js","12","401559","error","Unexpected constant condition","no-constant-condition"
"C:\Users\Windows\Desktop\ASE\SIIS\public\draco\draco_decoder.js","12","403118","error","Unexpected constant condition","no-constant-condition"
"C:\Users\Windows\Desktop\ASE\SIIS\public\draco\draco_decoder.js","12","403833","error","Unexpected constant condition","no-constant-condition"
"C:\Users\Windows\Desktop\ASE\SIIS\public\draco\draco_decoder.js","12","404054","error","Unexpected constant condition","no-constant-condition"
"C:\Users\Windows\Desktop\ASE\SIIS\public\draco\draco_decoder.js","12","404361","error","Unexpected constant condition","no-constant-condition"
"C:\Users\Windows\Desktop\ASE\SIIS\public\draco\draco_decoder.js","12","404843","error","Unexpected constant condition","no-constant-condition"
"C:\Users\Windows\Desktop\ASE\SIIS\public\draco\draco_decoder.js","12","405167","error","Unexpected constant condition","no-constant-condition"
"C:\Users\Windows\Desktop\ASE\SIIS\public\draco\draco_decoder.js","12","405411","error","Unexpected constant condition","no-constant-condition"
"C:\Users\Windows\Desktop\ASE\SIIS\public\draco\draco_decoder.js","12","405697","error","Unexpected constant condition","no-constant-condition"
"C:\Users\Windows\Desktop\ASE\SIIS\public\draco\draco_decoder.js","12","405941","error","Unexpected constant condition","no-constant-condition"
"C:\Users\Windows\Desktop\ASE\SIIS\public\draco\draco_decoder.js","12","406444","error","Unexpected constant condition","no-constant-condition"
"C:\Users\Windows\Desktop\ASE\SIIS\public\draco\draco_decoder.js","12","406673","error","Unexpected constant condition","no-constant-condition"
"C:\Users\Windows\Desktop\ASE\SIIS\public\draco\draco_decoder.js","12","407546","error","Unexpected constant condition","no-constant-condition"
"C:\Users\Windows\Desktop\ASE\SIIS\public\draco\draco_decoder.js","12","407708","error","Unexpected constant condition","no-constant-condition"
"C:\Users\Windows\Desktop\ASE\SIIS\public\draco\draco_decoder.js","12","407968","error","Unexpected constant condition","no-constant-condition"
"C:\Users\Windows\Desktop\ASE\SIIS\public\draco\draco_decoder.js","12","408353","error","Unexpected constant condition","no-constant-condition"
"C:\Users\Windows\Desktop\ASE\SIIS\public\draco\draco_decoder.js","12","411854","error","Unexpected constant condition","no-constant-condition"
"C:\Users\Windows\Desktop\ASE\SIIS\public\draco\draco_decoder.js","12","412247","error","Unexpected constant condition","no-constant-condition"
"C:\Users\Windows\Desktop\ASE\SIIS\public\draco\draco_decoder.js","12","412565","error","Unexpected constant condition","no-constant-condition"
"C:\Users\Windows\Desktop\ASE\SIIS\public\draco\draco_decoder.js","12","414024","error","Unexpected constant condition","no-constant-condition"
"C:\Users\Windows\Desktop\ASE\SIIS\public\draco\draco_decoder.js","12","414883","error","Unexpected constant condition","no-constant-condition"
"C:\Users\Windows\Desktop\ASE\SIIS\public\draco\draco_decoder.js","12","415302","error","Unexpected constant condition","no-constant-condition"
"C:\Users\Windows\Desktop\ASE\SIIS\public\draco\draco_decoder.js","12","415721","error","Unexpected constant condition","no-constant-condition"
"C:\Users\Windows\Desktop\ASE\SIIS\public\draco\draco_decoder.js","12","416140","error","Unexpected constant condition","no-constant-condition"
"C:\Users\Windows\Desktop\ASE\SIIS\public\draco\draco_decoder.js","12","417497","error","Unexpected constant condition","no-constant-condition"
"C:\Users\Windows\Desktop\ASE\SIIS\public\draco\draco_decoder.js","12","417907","error","Unexpected constant condition","no-constant-condition"
"C:\Users\Windows\Desktop\ASE\SIIS\public\draco\draco_decoder.js","12","418317","error","Unexpected constant condition","no-constant-condition"
"C:\Users\Windows\Desktop\ASE\SIIS\public\draco\draco_decoder.js","12","418727","error","Unexpected constant condition","no-constant-condition"
"C:\Users\Windows\Desktop\ASE\SIIS\public\draco\draco_decoder.js","12","420317","error","Unexpected constant condition","no-constant-condition"
"C:\Users\Windows\Desktop\ASE\SIIS\public\draco\draco_decoder.js","12","420464","error","Unexpected constant condition","no-constant-condition"
"C:\Users\Windows\Desktop\ASE\SIIS\public\draco\draco_decoder.js","12","421804","error","Unexpected constant condition","no-constant-condition"
"C:\Users\Windows\Desktop\ASE\SIIS\public\draco\draco_decoder.js","12","422371","error","Unexpected constant condition","no-constant-condition"
"C:\Users\Windows\Desktop\ASE\SIIS\public\draco\draco_decoder.js","12","423731","error","Unexpected constant condition","no-constant-condition"
"C:\Users\Windows\Desktop\ASE\SIIS\public\draco\draco_decoder.js","12","423981","error","Unexpected constant condition","no-constant-condition"
"C:\Users\Windows\Desktop\ASE\SIIS\public\draco\draco_decoder.js","12","424525","error","Unexpected constant condition","no-constant-condition"
"C:\Users\Windows\Desktop\ASE\SIIS\public\draco\draco_decoder.js","12","425885","error","Unexpected constant condition","no-constant-condition"
"C:\Users\Windows\Desktop\ASE\SIIS\public\draco\draco_decoder.js","12","426135","error","Unexpected constant condition","no-constant-condition"
"C:\Users\Windows\Desktop\ASE\SIIS\public\draco\draco_decoder.js","12","427087","error","Unexpected constant condition","no-constant-condition"
"C:\Users\Windows\Desktop\ASE\SIIS\public\draco\draco_decoder.js","12","429880","error","Unexpected constant condition","no-constant-condition"
"C:\Users\Windows\Desktop\ASE\SIIS\public\draco\draco_decoder.js","12","430275","error","Unexpected constant condition","no-constant-condition"
"C:\Users\Windows\Desktop\ASE\SIIS\public\draco\draco_decoder.js","12","432138","error","Unexpected constant condition","no-constant-condition"
"C:\Users\Windows\Desktop\ASE\SIIS\public\draco\draco_decoder.js","12","433559","error","Unexpected constant condition","no-constant-condition"
"C:\Users\Windows\Desktop\ASE\SIIS\public\draco\draco_decoder.js","12","433852","error","Unexpected constant condition","no-constant-condition"
"C:\Users\Windows\Desktop\ASE\SIIS\public\draco\draco_decoder.js","12","434382","error","Unexpected constant condition","no-constant-condition"
"C:\Users\Windows\Desktop\ASE\SIIS\public\draco\draco_decoder.js","12","434538","error","Unexpected constant condition","no-constant-condition"
"C:\Users\Windows\Desktop\ASE\SIIS\public\draco\draco_decoder.js","12","434636","error","Unexpected constant condition","no-constant-condition"
"C:\Users\Windows\Desktop\ASE\SIIS\public\draco\draco_decoder.js","12","435270","error","Unexpected constant condition","no-constant-condition"
"C:\Users\Windows\Desktop\ASE\SIIS\public\draco\draco_decoder.js","12","437182","error","Unexpected constant condition","no-constant-condition"
"C:\Users\Windows\Desktop\ASE\SIIS\public\draco\draco_decoder.js","12","439094","error","Unexpected constant condition","no-constant-condition"
"C:\Users\Windows\Desktop\ASE\SIIS\public\draco\draco_decoder.js","12","441002","error","Unexpected constant condition","no-constant-condition"
"C:\Users\Windows\Desktop\ASE\SIIS\public\draco\draco_decoder.js","12","445534","error","Unexpected constant condition","no-constant-condition"
"C:\Users\Windows\Desktop\ASE\SIIS\public\draco\draco_decoder.js","12","445634","error","Unexpected constant condition","no-constant-condition"
"C:\Users\Windows\Desktop\ASE\SIIS\public\draco\draco_decoder.js","12","448336","error","Unexpected constant condition","no-constant-condition"
"C:\Users\Windows\Desktop\ASE\SIIS\public\draco\draco_decoder.js","12","448511","error","Unexpected constant condition","no-constant-condition"
"C:\Users\Windows\Desktop\ASE\SIIS\public\draco\draco_decoder.js","12","448731","error","Unexpected constant condition","no-constant-condition"
"C:\Users\Windows\Desktop\ASE\SIIS\public\draco\draco_decoder.js","12","449554","error","Unexpected constant condition","no-constant-condition"
"C:\Users\Windows\Desktop\ASE\SIIS\public\draco\draco_decoder.js","12","449704","error","Unexpected constant condition","no-constant-condition"
"C:\Users\Windows\Desktop\ASE\SIIS\public\draco\draco_decoder.js","12","450304","error","Unexpected constant condition","no-constant-condition"
"C:\Users\Windows\Desktop\ASE\SIIS\public\draco\draco_decoder.js","12","450538","error","Unexpected constant condition","no-constant-condition"
"C:\Users\Windows\Desktop\ASE\SIIS\public\draco\draco_decoder.js","12","450713","error","Unexpected constant condition","no-constant-condition"
"C:\Users\Windows\Desktop\ASE\SIIS\public\draco\draco_decoder.js","12","450760","error","Unexpected constant condition","no-constant-condition"
"C:\Users\Windows\Desktop\ASE\SIIS\public\draco\draco_decoder.js","12","451239","error","Unexpected constant condition","no-constant-condition"
"C:\Users\Windows\Desktop\ASE\SIIS\public\draco\draco_decoder.js","12","451391","error","Unexpected constant condition","no-constant-condition"
"C:\Users\Windows\Desktop\ASE\SIIS\public\draco\draco_decoder.js","12","451961","error","Unexpected constant condition","no-constant-condition"
"C:\Users\Windows\Desktop\ASE\SIIS\public\draco\draco_decoder.js","12","452792","error","Unexpected constant condition","no-constant-condition"
"C:\Users\Windows\Desktop\ASE\SIIS\public\draco\draco_decoder.js","12","452915","error","Unexpected constant condition","no-constant-condition"
"C:\Users\Windows\Desktop\ASE\SIIS\public\draco\draco_decoder.js","12","453507","error","Unexpected constant condition","no-constant-condition"
"C:\Users\Windows\Desktop\ASE\SIIS\public\draco\draco_decoder.js","12","454871","error","Unexpected constant condition","no-constant-condition"
"C:\Users\Windows\Desktop\ASE\SIIS\public\draco\draco_decoder.js","12","455042","error","Unexpected constant condition","no-constant-condition"
"C:\Users\Windows\Desktop\ASE\SIIS\public\draco\draco_decoder.js","12","455137","error","Unexpected constant condition","no-constant-condition"
"C:\Users\Windows\Desktop\ASE\SIIS\public\draco\draco_decoder.js","12","455335","error","Unexpected constant condition","no-constant-condition"
"C:\Users\Windows\Desktop\ASE\SIIS\public\draco\draco_decoder.js","12","456360","error","Unexpected constant condition","no-constant-condition"
"C:\Users\Windows\Desktop\ASE\SIIS\public\draco\draco_decoder.js","12","456531","error","Unexpected constant condition","no-constant-condition"
"C:\Users\Windows\Desktop\ASE\SIIS\public\draco\draco_decoder.js","12","456626","error","Unexpected constant condition","no-constant-condition"
"C:\Users\Windows\Desktop\ASE\SIIS\public\draco\draco_decoder.js","12","456824","error","Unexpected constant condition","no-constant-condition"
"C:\Users\Windows\Desktop\ASE\SIIS\public\draco\draco_decoder.js","12","459150","error","Unexpected constant condition","no-constant-condition"
"C:\Users\Windows\Desktop\ASE\SIIS\public\draco\draco_decoder.js","12","460574","error","Unexpected constant condition","no-constant-condition"
"C:\Users\Windows\Desktop\ASE\SIIS\public\draco\draco_decoder.js","12","461720","error","Unexpected constant condition","no-constant-condition"
"C:\Users\Windows\Desktop\ASE\SIIS\public\draco\draco_decoder.js","12","461941","error","Unexpected constant condition","no-constant-condition"
"C:\Users\Windows\Desktop\ASE\SIIS\public\draco\draco_decoder.js","12","462196","error","Unexpected constant condition","no-constant-condition"
"C:\Users\Windows\Desktop\ASE\SIIS\public\draco\draco_decoder.js","12","462266","error","Unexpected constant condition","no-constant-condition"
"C:\Users\Windows\Desktop\ASE\SIIS\public\draco\draco_decoder.js","12","462495","error","Unexpected constant condition","no-constant-condition"
"C:\Users\Windows\Desktop\ASE\SIIS\public\draco\draco_decoder.js","12","464305","error","Unexpected constant condition","no-constant-condition"
"C:\Users\Windows\Desktop\ASE\SIIS\public\draco\draco_decoder.js","12","464426","error","Unexpected constant condition","no-constant-condition"
"C:\Users\Windows\Desktop\ASE\SIIS\public\draco\draco_decoder.js","12","464805","error","Unexpected constant condition","no-constant-condition"
"C:\Users\Windows\Desktop\ASE\SIIS\public\draco\draco_decoder.js","12","464976","error","Unexpected constant condition","no-constant-condition"
"C:\Users\Windows\Desktop\ASE\SIIS\public\draco\draco_decoder.js","12","465081","error","Unexpected constant condition","no-constant-condition"
"C:\Users\Windows\Desktop\ASE\SIIS\public\draco\draco_decoder.js","12","465265","error","Unexpected constant condition","no-constant-condition"
"C:\Users\Windows\Desktop\ASE\SIIS\public\draco\draco_decoder.js","12","465610","error","Unexpected constant condition","no-constant-condition"
"C:\Users\Windows\Desktop\ASE\SIIS\public\draco\draco_decoder.js","12","467241","error","Unexpected constant condition","no-constant-condition"
"C:\Users\Windows\Desktop\ASE\SIIS\public\draco\draco_decoder.js","12","468636","error","Unexpected constant condition","no-constant-condition"
"C:\Users\Windows\Desktop\ASE\SIIS\public\draco\draco_decoder.js","12","468803","error","Unexpected constant condition","no-constant-condition"
"C:\Users\Windows\Desktop\ASE\SIIS\public\draco\draco_decoder.js","12","468908","error","Unexpected constant condition","no-constant-condition"
"C:\Users\Windows\Desktop\ASE\SIIS\public\draco\draco_decoder.js","12","469092","error","Unexpected constant condition","no-constant-condition"
"C:\Users\Windows\Desktop\ASE\SIIS\public\draco\draco_decoder.js","12","469889","error","Unexpected constant condition","no-constant-condition"
"C:\Users\Windows\Desktop\ASE\SIIS\public\draco\draco_decoder.js","12","470056","error","Unexpected constant condition","no-constant-condition"
"C:\Users\Windows\Desktop\ASE\SIIS\public\draco\draco_decoder.js","12","470161","error","Unexpected constant condition","no-constant-condition"
"C:\Users\Windows\Desktop\ASE\SIIS\public\draco\draco_decoder.js","12","470345","error","Unexpected constant condition","no-constant-condition"
"C:\Users\Windows\Desktop\ASE\SIIS\public\draco\draco_decoder.js","12","471142","error","Unexpected constant condition","no-constant-condition"
"C:\Users\Windows\Desktop\ASE\SIIS\public\draco\draco_decoder.js","12","471309","error","Unexpected constant condition","no-constant-condition"
"C:\Users\Windows\Desktop\ASE\SIIS\public\draco\draco_decoder.js","12","471414","error","Unexpected constant condition","no-constant-condition"
"C:\Users\Windows\Desktop\ASE\SIIS\public\draco\draco_decoder.js","12","471596","error","Unexpected constant condition","no-constant-condition"
"C:\Users\Windows\Desktop\ASE\SIIS\public\draco\draco_decoder.js","12","472393","error","Unexpected constant condition","no-constant-condition"
"C:\Users\Windows\Desktop\ASE\SIIS\public\draco\draco_decoder.js","12","472560","error","Unexpected constant condition","no-constant-condition"
"C:\Users\Windows\Desktop\ASE\SIIS\public\draco\draco_decoder.js","12","472665","error","Unexpected constant condition","no-constant-condition"
"C:\Users\Windows\Desktop\ASE\SIIS\public\draco\draco_decoder.js","12","472847","error","Unexpected constant condition","no-constant-condition"
"C:\Users\Windows\Desktop\ASE\SIIS\public\draco\draco_decoder.js","12","474598","error","Unexpected constant condition","no-constant-condition"
"C:\Users\Windows\Desktop\ASE\SIIS\public\draco\draco_decoder.js","12","474882","error","Unexpected constant condition","no-constant-condition"
"C:\Users\Windows\Desktop\ASE\SIIS\public\draco\draco_decoder.js","12","475188","error","Unexpected constant condition","no-constant-condition"
"C:\Users\Windows\Desktop\ASE\SIIS\public\draco\draco_decoder.js","12","475769","error","Unexpected constant condition","no-constant-condition"
"C:\Users\Windows\Desktop\ASE\SIIS\public\draco\draco_decoder.js","12","475909","error","Unexpected constant condition","no-constant-condition"
"C:\Users\Windows\Desktop\ASE\SIIS\public\draco\draco_decoder.js","12","476043","error","Unexpected constant condition","no-constant-condition"
"C:\Users\Windows\Desktop\ASE\SIIS\public\draco\draco_decoder.js","12","476197","error","Unexpected constant condition","no-constant-condition"
"C:\Users\Windows\Desktop\ASE\SIIS\public\draco\draco_decoder.js","12","476277","error","Unexpected constant condition","no-constant-condition"
"C:\Users\Windows\Desktop\ASE\SIIS\public\draco\draco_decoder.js","12","478105","error","Unexpected constant condition","no-constant-condition"
"C:\Users\Windows\Desktop\ASE\SIIS\public\draco\draco_decoder.js","12","478221","error","Unexpected constant condition","no-constant-condition"
"C:\Users\Windows\Desktop\ASE\SIIS\public\draco\draco_decoder.js","12","478597","error","Unexpected constant condition","no-constant-condition"
"C:\Users\Windows\Desktop\ASE\SIIS\public\draco\draco_decoder.js","12","478706","error","Unexpected constant condition","no-constant-condition"
"C:\Users\Windows\Desktop\ASE\SIIS\public\draco\draco_decoder.js","12","479140","error","Unexpected constant condition","no-constant-condition"
"C:\Users\Windows\Desktop\ASE\SIIS\public\draco\draco_decoder.js","12","479262","error","Unexpected constant condition","no-constant-condition"
"C:\Users\Windows\Desktop\ASE\SIIS\public\draco\draco_decoder.js","12","479671","error","Unexpected constant condition","no-constant-condition"
"C:\Users\Windows\Desktop\ASE\SIIS\public\draco\draco_decoder.js","12","479786","error","Unexpected constant condition","no-constant-condition"
"C:\Users\Windows\Desktop\ASE\SIIS\public\draco\draco_decoder.js","12","480001","error","Unexpected constant condition","no-constant-condition"
"C:\Users\Windows\Desktop\ASE\SIIS\public\draco\draco_decoder.js","12","480329","error","Unexpected constant condition","no-constant-condition"
"C:\Users\Windows\Desktop\ASE\SIIS\public\draco\draco_decoder.js","12","480431","error","Unexpected constant condition","no-constant-condition"
"C:\Users\Windows\Desktop\ASE\SIIS\public\draco\draco_decoder.js","12","480657","error","Unexpected constant condition","no-constant-condition"
"C:\Users\Windows\Desktop\ASE\SIIS\public\draco\draco_decoder.js","12","481014","error","Unexpected constant condition","no-constant-condition"
"C:\Users\Windows\Desktop\ASE\SIIS\public\draco\draco_decoder.js","12","481123","error","Unexpected constant condition","no-constant-condition"
"C:\Users\Windows\Desktop\ASE\SIIS\public\draco\draco_decoder.js","12","482865","error","Unexpected constant condition","no-constant-condition"
"C:\Users\Windows\Desktop\ASE\SIIS\public\draco\draco_decoder.js","12","483328","error","Unexpected constant condition","no-constant-condition"
"C:\Users\Windows\Desktop\ASE\SIIS\public\draco\draco_decoder.js","12","483761","error","Unexpected constant condition","no-constant-condition"
"C:\Users\Windows\Desktop\ASE\SIIS\public\draco\draco_decoder.js","12","484169","error","Unexpected constant condition","no-constant-condition"
"C:\Users\Windows\Desktop\ASE\SIIS\public\draco\draco_decoder.js","12","484374","error","Unexpected constant condition","no-constant-condition"
"C:\Users\Windows\Desktop\ASE\SIIS\public\draco\draco_decoder.js","12","484473","error","Unexpected constant condition","no-constant-condition"
"C:\Users\Windows\Desktop\ASE\SIIS\public\draco\draco_decoder.js","12","484821","error","Unexpected constant condition","no-constant-condition"
"C:\Users\Windows\Desktop\ASE\SIIS\public\draco\draco_decoder.js","12","484976","error","Unexpected constant condition","no-constant-condition"
"C:\Users\Windows\Desktop\ASE\SIIS\public\draco\draco_decoder.js","12","485407","error","Unexpected constant condition","no-constant-condition"
"C:\Users\Windows\Desktop\ASE\SIIS\public\draco\draco_decoder.js","12","485551","error","Unexpected constant condition","no-constant-condition"
"C:\Users\Windows\Desktop\ASE\SIIS\public\draco\draco_decoder.js","12","485693","error","Unexpected constant condition","no-constant-condition"
"C:\Users\Windows\Desktop\ASE\SIIS\public\draco\draco_decoder.js","12","487018","error","Unexpected constant condition","no-constant-condition"
"C:\Users\Windows\Desktop\ASE\SIIS\public\draco\draco_decoder.js","12","487251","error","Unexpected constant condition","no-constant-condition"
"C:\Users\Windows\Desktop\ASE\SIIS\public\draco\draco_decoder.js","12","487500","error","Unexpected constant condition","no-constant-condition"
"C:\Users\Windows\Desktop\ASE\SIIS\public\draco\draco_decoder.js","12","488065","error","Unexpected constant condition","no-constant-condition"
"C:\Users\Windows\Desktop\ASE\SIIS\public\draco\draco_decoder.js","12","488187","error","Unexpected constant condition","no-constant-condition"
"C:\Users\Windows\Desktop\ASE\SIIS\public\draco\draco_decoder.js","12","488602","error","Unexpected constant condition","no-constant-condition"
"C:\Users\Windows\Desktop\ASE\SIIS\public\draco\draco_decoder.js","12","488717","error","Unexpected constant condition","no-constant-condition"
"C:\Users\Windows\Desktop\ASE\SIIS\public\draco\draco_decoder.js","12","489829","error","Unexpected constant condition","no-constant-condition"
"C:\Users\Windows\Desktop\ASE\SIIS\public\draco\draco_decoder.js","12","490594","error","Unexpected constant condition","no-constant-condition"
"C:\Users\Windows\Desktop\ASE\SIIS\public\draco\draco_decoder.js","12","490906","error","Unexpected constant condition","no-constant-condition"
"C:\Users\Windows\Desktop\ASE\SIIS\public\draco\draco_decoder.js","12","492202","error","Unexpected constant condition","no-constant-condition"
"C:\Users\Windows\Desktop\ASE\SIIS\public\draco\draco_decoder.js","12","493942","error","Unexpected constant condition","no-constant-condition"
"C:\Users\Windows\Desktop\ASE\SIIS\public\draco\draco_decoder.js","12","495438","error","Unexpected constant condition","no-constant-condition"
"C:\Users\Windows\Desktop\ASE\SIIS\public\draco\draco_decoder.js","12","495836","error","Unexpected constant condition","no-constant-condition"
"C:\Users\Windows\Desktop\ASE\SIIS\public\draco\draco_decoder.js","12","496048","error","Unexpected constant condition","no-constant-condition"
"C:\Users\Windows\Desktop\ASE\SIIS\public\draco\draco_decoder.js","12","496575","error","Unexpected constant condition","no-constant-condition"
"C:\Users\Windows\Desktop\ASE\SIIS\public\draco\draco_decoder.js","12","496925","error","Unexpected constant condition","no-constant-condition"
"C:\Users\Windows\Desktop\ASE\SIIS\public\draco\draco_decoder.js","12","498566","error","Unexpected constant condition","no-constant-condition"
"C:\Users\Windows\Desktop\ASE\SIIS\public\draco\draco_decoder.js","12","499429","error","Unexpected constant condition","no-constant-condition"
"C:\Users\Windows\Desktop\ASE\SIIS\public\draco\draco_decoder.js","12","499779","error","Unexpected constant condition","no-constant-condition"
"C:\Users\Windows\Desktop\ASE\SIIS\public\draco\draco_decoder.js","12","500454","error","Unexpected constant condition","no-constant-condition"
"C:\Users\Windows\Desktop\ASE\SIIS\public\draco\draco_decoder.js","12","500506","error","Unexpected constant condition","no-constant-condition"
"C:\Users\Windows\Desktop\ASE\SIIS\public\draco\draco_decoder.js","12","500849","error","Unexpected constant condition","no-constant-condition"
"C:\Users\Windows\Desktop\ASE\SIIS\public\draco\draco_decoder.js","12","501457","error","Unexpected constant condition","no-constant-condition"
"C:\Users\Windows\Desktop\ASE\SIIS\public\draco\draco_decoder.js","12","502425","error","Unexpected constant condition","no-constant-condition"
"C:\Users\Windows\Desktop\ASE\SIIS\public\draco\draco_decoder.js","12","505309","error","Unexpected constant condition","no-constant-condition"
"C:\Users\Windows\Desktop\ASE\SIIS\public\draco\draco_decoder.js","12","505420","error","Unexpected constant condition","no-constant-condition"
"C:\Users\Windows\Desktop\ASE\SIIS\public\draco\draco_decoder.js","12","506956","error","Unexpected constant condition","no-constant-condition"
"C:\Users\Windows\Desktop\ASE\SIIS\public\draco\draco_decoder.js","12","507097","error","Unexpected constant condition","no-constant-condition"
"C:\Users\Windows\Desktop\ASE\SIIS\public\draco\draco_decoder.js","12","510536","error","Unexpected constant condition","no-constant-condition"
"C:\Users\Windows\Desktop\ASE\SIIS\public\draco\draco_decoder.js","12","511273","error","Unexpected constant condition","no-constant-condition"
"C:\Users\Windows\Desktop\ASE\SIIS\public\draco\draco_decoder.js","12","511514","error","Unexpected constant condition","no-constant-condition"
"C:\Users\Windows\Desktop\ASE\SIIS\public\draco\draco_decoder.js","12","512110","error","Unexpected constant condition","no-constant-condition"
"C:\Users\Windows\Desktop\ASE\SIIS\public\draco\draco_decoder.js","12","512359","error","Unexpected constant condition","no-constant-condition"
"C:\Users\Windows\Desktop\ASE\SIIS\public\draco\draco_decoder.js","12","513724","error","Unexpected constant condition","no-constant-condition"
"C:\Users\Windows\Desktop\ASE\SIIS\public\draco\draco_decoder.js","12","513973","error","Unexpected constant condition","no-constant-condition"
"C:\Users\Windows\Desktop\ASE\SIIS\public\draco\draco_decoder.js","12","514783","error","Unexpected constant condition","no-constant-condition"
"C:\Users\Windows\Desktop\ASE\SIIS\public\draco\draco_decoder.js","12","517065","error","Unexpected constant condition","no-constant-condition"
"C:\Users\Windows\Desktop\ASE\SIIS\public\draco\draco_decoder.js","12","517814","error","Unexpected constant condition","no-constant-condition"
"C:\Users\Windows\Desktop\ASE\SIIS\public\draco\draco_decoder.js","12","518017","error","Unexpected constant condition","no-constant-condition"
"C:\Users\Windows\Desktop\ASE\SIIS\public\draco\draco_decoder.js","12","518237","error","Unexpected constant condition","no-constant-condition"
"C:\Users\Windows\Desktop\ASE\SIIS\public\draco\draco_decoder.js","12","518587","error","Unexpected constant condition","no-constant-condition"
"C:\Users\Windows\Desktop\ASE\SIIS\public\draco\draco_decoder.js","12","518790","error","Unexpected constant condition","no-constant-condition"
"C:\Users\Windows\Desktop\ASE\SIIS\public\draco\draco_decoder.js","12","519001","error","Unexpected constant condition","no-constant-condition"
"C:\Users\Windows\Desktop\ASE\SIIS\public\draco\draco_decoder.js","13","194","error","Unexpected constant condition","no-constant-condition"
"C:\Users\Windows\Desktop\ASE\SIIS\public\draco\draco_decoder.js","13","312","error","Unexpected constant condition","no-constant-condition"
"C:\Users\Windows\Desktop\ASE\SIIS\public\draco\draco_decoder.js","13","413","error","Unexpected constant condition","no-constant-condition"
"C:\Users\Windows\Desktop\ASE\SIIS\public\draco\draco_decoder.js","13","493","error","Unexpected constant condition","no-constant-condition"
"C:\Users\Windows\Desktop\ASE\SIIS\public\draco\draco_decoder.js","13","578","error","Unexpected constant condition","no-constant-condition"
"C:\Users\Windows\Desktop\ASE\SIIS\public\draco\draco_decoder.js","13","670","error","Unexpected constant condition","no-constant-condition"
"C:\Users\Windows\Desktop\ASE\SIIS\public\draco\draco_decoder.js","13","1878","error","Unexpected constant condition","no-constant-condition"
"C:\Users\Windows\Desktop\ASE\SIIS\public\draco\draco_decoder.js","13","2046","error","Unexpected constant condition","no-constant-condition"
"C:\Users\Windows\Desktop\ASE\SIIS\public\draco\draco_decoder.js","13","2639","error","Expected a 'break' statement before 'default'","no-fallthrough"
"C:\Users\Windows\Desktop\ASE\SIIS\public\draco\draco_decoder.js","13","5581","error","Unexpected constant condition","no-constant-condition"
"C:\Users\Windows\Desktop\ASE\SIIS\public\draco\draco_decoder.js","13","6336","error","Unexpected constant condition","no-constant-condition"
"C:\Users\Windows\Desktop\ASE\SIIS\public\draco\draco_decoder.js","13","7314","error","Unexpected constant condition","no-constant-condition"
"C:\Users\Windows\Desktop\ASE\SIIS\public\draco\draco_decoder.js","13","7526","error","Unexpected constant condition","no-constant-condition"
"C:\Users\Windows\Desktop\ASE\SIIS\public\draco\draco_decoder.js","13","8025","error","Unexpected constant condition","no-constant-condition"
"C:\Users\Windows\Desktop\ASE\SIIS\public\draco\draco_decoder.js","13","8292","error","Unexpected constant condition","no-constant-condition"
"C:\Users\Windows\Desktop\ASE\SIIS\public\draco\draco_decoder.js","13","8771","error","Unexpected constant condition","no-constant-condition"
"C:\Users\Windows\Desktop\ASE\SIIS\public\draco\draco_decoder.js","13","8878","error","Unexpected constant condition","no-constant-condition"
"C:\Users\Windows\Desktop\ASE\SIIS\public\draco\draco_decoder.js","13","11104","error","Unexpected constant condition","no-constant-condition"
"C:\Users\Windows\Desktop\ASE\SIIS\public\draco\draco_decoder.js","13","12297","error","Unexpected constant condition","no-constant-condition"
"C:\Users\Windows\Desktop\ASE\SIIS\public\draco\draco_decoder.js","13","12860","error","Unexpected constant condition","no-constant-condition"
"C:\Users\Windows\Desktop\ASE\SIIS\public\draco\draco_decoder.js","13","13484","error","Unexpected constant condition","no-constant-condition"
"C:\Users\Windows\Desktop\ASE\SIIS\public\draco\draco_decoder.js","13","14315","error","Unexpected constant condition","no-constant-condition"
"C:\Users\Windows\Desktop\ASE\SIIS\public\draco\draco_decoder.js","13","14876","error","Unexpected constant condition","no-constant-condition"
"C:\Users\Windows\Desktop\ASE\SIIS\public\draco\draco_decoder.js","13","15487","error","Unexpected constant condition","no-constant-condition"
"C:\Users\Windows\Desktop\ASE\SIIS\public\draco\draco_decoder.js","13","16011","error","Unexpected constant condition","no-constant-condition"
"C:\Users\Windows\Desktop\ASE\SIIS\public\draco\draco_decoder.js","13","17666","error","Unexpected constant condition","no-constant-condition"
"C:\Users\Windows\Desktop\ASE\SIIS\public\draco\draco_decoder.js","13","18467","error","Unexpected constant condition","no-constant-condition"
"C:\Users\Windows\Desktop\ASE\SIIS\public\draco\draco_decoder.js","13","18546","error","Unexpected constant condition","no-constant-condition"
"C:\Users\Windows\Desktop\ASE\SIIS\public\draco\draco_decoder.js","13","19615","error","Unexpected constant condition","no-constant-condition"
"C:\Users\Windows\Desktop\ASE\SIIS\public\draco\draco_decoder.js","13","20056","error","Unexpected constant condition","no-constant-condition"
"C:\Users\Windows\Desktop\ASE\SIIS\public\draco\draco_decoder.js","13","20290","error","Unexpected constant condition","no-constant-condition"
"C:\Users\Windows\Desktop\ASE\SIIS\public\draco\draco_decoder.js","13","20378","error","Unexpected constant condition","no-constant-condition"
"C:\Users\Windows\Desktop\ASE\SIIS\public\draco\draco_decoder.js","13","21840","error","Unexpected constant condition","no-constant-condition"
"C:\Users\Windows\Desktop\ASE\SIIS\public\draco\draco_decoder.js","13","22904","error","Unexpected constant condition","no-constant-condition"
"C:\Users\Windows\Desktop\ASE\SIIS\public\draco\draco_decoder.js","13","24760","error","Unexpected constant condition","no-constant-condition"
"C:\Users\Windows\Desktop\ASE\SIIS\public\draco\draco_decoder.js","13","25709","error","Unexpected constant condition","no-constant-condition"
"C:\Users\Windows\Desktop\ASE\SIIS\public\draco\draco_decoder.js","13","26137","error","Unexpected constant condition","no-constant-condition"
"C:\Users\Windows\Desktop\ASE\SIIS\public\draco\draco_decoder.js","13","26311","error","Unexpected constant condition","no-constant-condition"
"C:\Users\Windows\Desktop\ASE\SIIS\public\draco\draco_decoder.js","13","26657","error","Unexpected constant condition","no-constant-condition"
"C:\Users\Windows\Desktop\ASE\SIIS\public\draco\draco_decoder.js","13","26834","error","Unexpected constant condition","no-constant-condition"
"C:\Users\Windows\Desktop\ASE\SIIS\public\draco\draco_decoder.js","13","27184","error","Unexpected constant condition","no-constant-condition"
"C:\Users\Windows\Desktop\ASE\SIIS\public\draco\draco_decoder.js","13","27388","error","Unexpected constant condition","no-constant-condition"
"C:\Users\Windows\Desktop\ASE\SIIS\public\draco\draco_decoder.js","13","27950","error","Unexpected constant condition","no-constant-condition"
"C:\Users\Windows\Desktop\ASE\SIIS\public\draco\draco_decoder.js","13","28492","error","Unexpected constant condition","no-constant-condition"
"C:\Users\Windows\Desktop\ASE\SIIS\public\draco\draco_decoder.js","13","30217","error","Unexpected constant condition","no-constant-condition"
"C:\Users\Windows\Desktop\ASE\SIIS\public\draco\draco_decoder.js","13","30391","error","Unexpected constant condition","no-constant-condition"
"C:\Users\Windows\Desktop\ASE\SIIS\public\draco\draco_decoder.js","13","30726","error","Unexpected constant condition","no-constant-condition"
"C:\Users\Windows\Desktop\ASE\SIIS\public\draco\draco_decoder.js","13","30903","error","Unexpected constant condition","no-constant-condition"
"C:\Users\Windows\Desktop\ASE\SIIS\public\draco\draco_decoder.js","13","31732","error","Unexpected constant condition","no-constant-condition"
"C:\Users\Windows\Desktop\ASE\SIIS\public\draco\draco_decoder.js","13","31909","error","Unexpected constant condition","no-constant-condition"
"C:\Users\Windows\Desktop\ASE\SIIS\public\draco\draco_decoder.js","13","32977","error","Unexpected constant condition","no-constant-condition"
"C:\Users\Windows\Desktop\ASE\SIIS\public\draco\draco_decoder.js","13","34401","error","Unexpected constant condition","no-constant-condition"
"C:\Users\Windows\Desktop\ASE\SIIS\public\draco\draco_decoder.js","13","34839","error","Unexpected constant condition","no-constant-condition"
"C:\Users\Windows\Desktop\ASE\SIIS\public\draco\draco_decoder.js","13","35999","error","Unexpected constant condition","no-constant-condition"
"C:\Users\Windows\Desktop\ASE\SIIS\public\draco\draco_decoder.js","13","36181","error","Unexpected constant condition","no-constant-condition"
"C:\Users\Windows\Desktop\ASE\SIIS\public\draco\draco_decoder.js","13","37389","error","Unexpected constant condition","no-constant-condition"
"C:\Users\Windows\Desktop\ASE\SIIS\public\draco\draco_decoder.js","13","37813","error","Unexpected constant condition","no-constant-condition"
"C:\Users\Windows\Desktop\ASE\SIIS\public\draco\draco_decoder.js","13","38744","error","Unexpected constant condition","no-constant-condition"
"C:\Users\Windows\Desktop\ASE\SIIS\public\draco\draco_decoder.js","13","41461","error","Unexpected constant condition","no-constant-condition"
"C:\Users\Windows\Desktop\ASE\SIIS\public\draco\draco_decoder.js","13","44049","error","Unexpected constant condition","no-constant-condition"
"C:\Users\Windows\Desktop\ASE\SIIS\public\draco\draco_decoder.js","13","45094","error","Unexpected constant condition","no-constant-condition"
"C:\Users\Windows\Desktop\ASE\SIIS\public\draco\draco_decoder.js","13","46370","error","Unexpected constant condition","no-constant-condition"
"C:\Users\Windows\Desktop\ASE\SIIS\public\draco\draco_decoder.js","13","47078","error","Unexpected constant condition","no-constant-condition"
"C:\Users\Windows\Desktop\ASE\SIIS\public\draco\draco_decoder.js","13","47400","error","Unexpected constant condition","no-constant-condition"
"C:\Users\Windows\Desktop\ASE\SIIS\public\draco\draco_decoder.js","14","2254","error","Unexpected constant condition","no-constant-condition"
"C:\Users\Windows\Desktop\ASE\SIIS\public\draco\draco_decoder.js","14","2360","error","Unexpected constant condition","no-constant-condition"
"C:\Users\Windows\Desktop\ASE\SIIS\public\draco\draco_decoder.js","14","2563","error","Unexpected constant condition","no-constant-condition"
"C:\Users\Windows\Desktop\ASE\SIIS\public\draco\draco_decoder.js","14","2960","error","Unexpected constant condition","no-constant-condition"
"C:\Users\Windows\Desktop\ASE\SIIS\public\draco\draco_decoder.js","14","3444","error","Unexpected constant condition","no-constant-condition"
"C:\Users\Windows\Desktop\ASE\SIIS\public\draco\draco_decoder.js","14","4065","error","Unexpected constant condition","no-constant-condition"
"C:\Users\Windows\Desktop\ASE\SIIS\public\draco\draco_decoder.js","14","4626","error","Unexpected constant condition","no-constant-condition"
"C:\Users\Windows\Desktop\ASE\SIIS\public\draco\draco_decoder.js","14","4922","error","Unexpected constant condition","no-constant-condition"
"C:\Users\Windows\Desktop\ASE\SIIS\public\draco\draco_decoder.js","14","5445","error","Unexpected constant condition","no-constant-condition"
"C:\Users\Windows\Desktop\ASE\SIIS\public\draco\draco_decoder.js","14","5924","error","Unexpected constant condition","no-constant-condition"
"C:\Users\Windows\Desktop\ASE\SIIS\public\draco\draco_decoder.js","14","6725","error","Unexpected constant condition","no-constant-condition"
"C:\Users\Windows\Desktop\ASE\SIIS\public\draco\draco_decoder.js","14","7469","error","Unexpected constant condition","no-constant-condition"
"C:\Users\Windows\Desktop\ASE\SIIS\public\draco\draco_decoder.js","14","7530","error","Unexpected constant condition","no-constant-condition"
"C:\Users\Windows\Desktop\ASE\SIIS\public\draco\draco_decoder.js","14","7613","error","Unexpected constant condition","no-constant-condition"
"C:\Users\Windows\Desktop\ASE\SIIS\public\draco\draco_decoder.js","14","8534","error","Unexpected constant condition","no-constant-condition"
"C:\Users\Windows\Desktop\ASE\SIIS\public\draco\draco_decoder.js","14","9178","error","Unexpected constant condition","no-constant-condition"
"C:\Users\Windows\Desktop\ASE\SIIS\public\draco\draco_decoder.js","14","12061","error","Unexpected constant condition","no-constant-condition"
"C:\Users\Windows\Desktop\ASE\SIIS\public\draco\draco_decoder.js","14","12435","error","Unexpected constant condition","no-constant-condition"
"C:\Users\Windows\Desktop\ASE\SIIS\public\draco\draco_decoder.js","14","12650","error","Unexpected constant condition","no-constant-condition"
"C:\Users\Windows\Desktop\ASE\SIIS\public\draco\draco_decoder.js","14","19164","error","'c' is assigned a value but never used","no-unused-vars"
"C:\Users\Windows\Desktop\ASE\SIIS\public\draco\draco_decoder.js","14","21698","error","Unexpected constant condition","no-constant-condition"
"C:\Users\Windows\Desktop\ASE\SIIS\public\draco\draco_decoder.js","15","440","error","Unexpected constant condition","no-constant-condition"
"C:\Users\Windows\Desktop\ASE\SIIS\public\draco\draco_decoder.js","16","719","error","'b' is assigned a value but never used","no-unused-vars"
"C:\Users\Windows\Desktop\ASE\SIIS\public\draco\draco_decoder.js","16","784","error","'b' is assigned a value but never used","no-unused-vars"
"C:\Users\Windows\Desktop\ASE\SIIS\public\draco\draco_decoder.js","16","1608","error","'d' is assigned a value but never used","no-unused-vars"
"C:\Users\Windows\Desktop\ASE\SIIS\public\draco\draco_decoder.js","16","2602","error","'c' is assigned a value but never used","no-unused-vars"
"C:\Users\Windows\Desktop\ASE\SIIS\public\draco\draco_decoder.js","16","3641","error","'b' is assigned a value but never used","no-unused-vars"
"C:\Users\Windows\Desktop\ASE\SIIS\public\draco\draco_decoder.js","16","3755","error","'b' is assigned a value but never used","no-unused-vars"
"C:\Users\Windows\Desktop\ASE\SIIS\public\draco\draco_decoder.js","16","3831","error","'b' is assigned a value but never used","no-unused-vars"
"C:\Users\Windows\Desktop\ASE\SIIS\public\draco\draco_decoder.js","16","3869","error","'b' is assigned a value but never used","no-unused-vars"
"C:\Users\Windows\Desktop\ASE\SIIS\public\draco\draco_decoder.js","16","3907","error","'b' is assigned a value but never used","no-unused-vars"
"C:\Users\Windows\Desktop\ASE\SIIS\public\draco\draco_decoder.js","16","4180","error","'a' is assigned a value but never used","no-unused-vars"
"C:\Users\Windows\Desktop\ASE\SIIS\public\draco\draco_decoder.js","16","4213","error","'a' is assigned a value but never used","no-unused-vars"
"C:\Users\Windows\Desktop\ASE\SIIS\public\draco\draco_decoder.js","16","4246","error","'a' is assigned a value but never used","no-unused-vars"
"C:\Users\Windows\Desktop\ASE\SIIS\public\draco\draco_decoder.js","16","4466","error","'a' is assigned a value but never used","no-unused-vars"
"C:\Users\Windows\Desktop\ASE\SIIS\public\draco\draco_decoder.js","16","4496","error","'a' is assigned a value but never used","no-unused-vars"
"C:\Users\Windows\Desktop\ASE\SIIS\public\draco\draco_decoder.js","16","4526","error","'a' is assigned a value but never used","no-unused-vars"
"C:\Users\Windows\Desktop\ASE\SIIS\public\draco\draco_decoder.js","16","4556","error","'a' is assigned a value but never used","no-unused-vars"
"C:\Users\Windows\Desktop\ASE\SIIS\public\draco\draco_decoder.js","16","4586","error","'a' is assigned a value but never used","no-unused-vars"
"C:\Users\Windows\Desktop\ASE\SIIS\public\draco\draco_decoder.js","16","4616","error","'a' is assigned a value but never used","no-unused-vars"
"C:\Users\Windows\Desktop\ASE\SIIS\public\draco\draco_decoder.js","16","4646","error","'a' is assigned a value but never used","no-unused-vars"
"C:\Users\Windows\Desktop\ASE\SIIS\public\draco\draco_decoder.js","16","4784","error","'a' is assigned a value but never used","no-unused-vars"
"C:\Users\Windows\Desktop\ASE\SIIS\public\draco\draco_decoder.js","16","5248","error","'a' is assigned a value but never used","no-unused-vars"
"C:\Users\Windows\Desktop\ASE\SIIS\public\draco\draco_decoder.js","22","3080","error","'wasmTable' is assigned a value but never used. Allowed unused vars must match /^[A-Z_]/u","no-unused-vars"
"C:\Users\Windows\Desktop\ASE\SIIS\public\draco\draco_decoder.js","22","4011","error","'id' is defined but never used","no-unused-vars"
"C:\Users\Windows\Desktop\ASE\SIIS\public\draco\draco_decoder.js","22","4150","error","'id' is defined but never used","no-unused-vars"
"C:\Users\Windows\Desktop\ASE\SIIS\public\draco\draco_decoder.js","22","6034","error","'module' is defined but never used","no-unused-vars"
"C:\Users\Windows\Desktop\ASE\SIIS\public\draco\draco_decoder.js","22","9279","error","'exceptionLast' is assigned a value but never used. Allowed unused vars must match /^[A-Z_]/u","no-unused-vars"
"C:\Users\Windows\Desktop\ASE\SIIS\public\draco\draco_decoder.js","22","9299","error","'uncaughtExceptionCount' is assigned a value but never used. Allowed unused vars must match /^[A-Z_]/u","no-unused-vars"
"C:\Users\Windows\Desktop\ASE\SIIS\public\draco\draco_decoder.js","22","9779","error","'e' is defined but never used","no-unused-vars"
"C:\Users\Windows\Desktop\ASE\SIIS\public\draco\draco_decoder.js","22","9781","error","Empty block statement","no-empty"
"C:\Users\Windows\Desktop\ASE\SIIS\public\draco\draco_decoder.js","22","10557","error","'fd' is defined but never used","no-unused-vars"
"C:\Users\Windows\Desktop\ASE\SIIS\public\draco\draco_decoder.js","22","10589","error","'fd' is defined but never used","no-unused-vars"
"C:\Users\Windows\Desktop\ASE\SIIS\public\draco\draco_decoder.js","22","10592","error","'offset_low' is defined but never used","no-unused-vars"
"C:\Users\Windows\Desktop\ASE\SIIS\public\draco\draco_decoder.js","22","10603","error","'offset_high' is defined but never used","no-unused-vars"
"C:\Users\Windows\Desktop\ASE\SIIS\public\draco\draco_decoder.js","22","10615","error","'whence' is defined but never used","no-unused-vars"
"C:\Users\Windows\Desktop\ASE\SIIS\public\draco\draco_decoder.js","22","10622","error","'newOffset' is defined but never used","no-unused-vars"
"C:\Users\Windows\Desktop\ASE\SIIS\public\draco\draco_decoder.js","22","11586","error","Unnecessary escape character: \+","no-useless-escape"
"C:\Users\Windows\Desktop\ASE\SIIS\public\draco\draco_decoder.js","22","11588","error","Unnecessary escape character: \/","no-useless-escape"
"C:\Users\Windows\Desktop\ASE\SIIS\public\draco\draco_decoder.js","22","11590","error","Unnecessary escape character: \=","no-useless-escape"
"C:\Users\Windows\Desktop\ASE\SIIS\public\draco\draco_decoder.js","22","12116","error","'Buffer' is not defined","no-undef"
"C:\Users\Windows\Desktop\ASE\SIIS\public\draco\draco_decoder.js","22","12370","error","'_' is defined but never used","no-unused-vars"
"C:\Users\Windows\Desktop\ASE\SIIS\public\draco\draco_decoder.js","22","12729","error","'asm' is assigned a value but never used. Allowed unused vars must match /^[A-Z_]/u","no-unused-vars"
"C:\Users\Windows\Desktop\ASE\SIIS\public\draco\draco_decoder.js","30","3","error","'module' is not defined","no-undef"
"C:\Users\Windows\Desktop\ASE\SIIS\public\draco\draco_decoder.js","31","42","error","'define' is not defined","no-undef"
"C:\Users\Windows\Desktop\ASE\SIIS\public\draco\draco_decoder.js","32","3","error","'define' is not defined","no-undef"
"C:\Users\Windows\Desktop\ASE\SIIS\public\draco\draco_decoder.js","34","3","error","'exports' is not defined","no-undef"
"C:\Users\Windows\Desktop\ASE\SIIS\public\draco\draco_wasm_wrapper.js","2","286","error","'global' is not defined","no-undef"
"C:\Users\Windows\Desktop\ASE\SIIS\public\draco\draco_wasm_wrapper.js","4","5","error","'$jscomp$lookupPolyfilledValue' is assigned a value but never used. Allowed unused vars must match /^[A-Z_]/u","no-unused-vars"
"C:\Users\Windows\Desktop\ASE\SIIS\public\draco\draco_wasm_wrapper.js","8","125","error","'v' is defined but never used","no-unused-vars"
"C:\Users\Windows\Desktop\ASE\SIIS\public\draco\draco_wasm_wrapper.js","16","373","error","'n' is defined but never used","no-unused-vars"
"C:\Users\Windows\Desktop\ASE\SIIS\public\draco\draco_wasm_wrapper.js","22","168","error","'__filename' is not defined","no-undef"
"C:\Users\Windows\Desktop\ASE\SIIS\public\draco\draco_wasm_wrapper.js","33","130","error","'process' is not defined","no-undef"
"C:\Users\Windows\Desktop\ASE\SIIS\public\draco\draco_wasm_wrapper.js","33","165","error","'process' is not defined","no-undef"
"C:\Users\Windows\Desktop\ASE\SIIS\public\draco\draco_wasm_wrapper.js","33","206","error","'require' is not defined","no-undef"
"C:\Users\Windows\Desktop\ASE\SIIS\public\draco\draco_wasm_wrapper.js","33","223","error","'require' is not defined","no-undef"
"C:\Users\Windows\Desktop\ASE\SIIS\public\draco\draco_wasm_wrapper.js","33","262","error","'__dirname' is not defined","no-undef"
"C:\Users\Windows\Desktop\ASE\SIIS\public\draco\draco_wasm_wrapper.js","34","80","error","'process' is not defined","no-undef"
"C:\Users\Windows\Desktop\ASE\SIIS\public\draco\draco_wasm_wrapper.js","34","101","error","'process' is not defined","no-undef"
"C:\Users\Windows\Desktop\ASE\SIIS\public\draco\draco_wasm_wrapper.js","34","136","error","'process' is not defined","no-undef"
"C:\Users\Windows\Desktop\ASE\SIIS\public\draco\draco_wasm_wrapper.js","36","297","error","'vd' is assigned a value but never used. Allowed unused vars must match /^[A-Z_]/u","no-unused-vars"
"C:\Users\Windows\Desktop\ASE\SIIS\public\draco\draco_wasm_wrapper.js","37","215","error","'X' is defined but never used","no-unused-vars"
"C:\Users\Windows\Desktop\ASE\SIIS\public\draco\draco_wasm_wrapper.js","37","217","error","Empty block statement","no-empty"
"C:\Users\Windows\Desktop\ASE\SIIS\public\draco\draco_wasm_wrapper.js","37","263","error","'e' is defined but never used","no-unused-vars"
"C:\Users\Windows\Desktop\ASE\SIIS\public\draco\draco_wasm_wrapper.js","37","288","error","'e' is defined but never used","no-unused-vars"
"C:\Users\Windows\Desktop\ASE\SIIS\public\draco\draco_wasm_wrapper.js","37","290","error","'b' is defined but never used","no-unused-vars"
"C:\Users\Windows\Desktop\ASE\SIIS\public\draco\draco_wasm_wrapper.js","37","292","error","'c' is defined but never used","no-unused-vars"
"C:\Users\Windows\Desktop\ASE\SIIS\public\draco\draco_wasm_wrapper.js","37","294","error","'d' is defined but never used","no-unused-vars"
"C:\Users\Windows\Desktop\ASE\SIIS\public\draco\draco_wasm_wrapper.js","37","296","error","'g' is defined but never used","no-unused-vars"
"C:\Users\Windows\Desktop\ASE\SIIS\public\draco\draco_wasm_wrapper.js","38","50","error","'u' is defined but never used","no-unused-vars"
"C:\Users\Windows\Desktop\ASE\SIIS\public\draco\draco_wasm_wrapper.js","117","53","error","'module' is not defined","no-undef"
"C:\Users\Windows\Desktop\ASE\SIIS\public\draco\draco_wasm_wrapper.js","117","115","error","'define' is not defined","no-undef"
"C:\Users\Windows\Desktop\ASE\SIIS\public\draco\draco_wasm_wrapper.js","117","126","error","'define' is not defined","no-undef"
"C:\Users\Windows\Desktop\ASE\SIIS\public\draco\draco_wasm_wrapper.js","117","203","error","'exports' is not defined","no-undef"
